Location,Date,MinTemp,MaxTemp,Rainfall,Evaporation,Sunshine,WindGustDir,WindGustSpeed,WindDir9am,WindDir3pm,WindSpeed9am,WindSpeed3pm,Humidity9am,Humidity3pm,Pressure9am,Pressure3pm,Cloud9am,Cloud3pm,Temp9am,Temp3pm,RainToday,RISK_MM,RainTomorrow
Sydney,2019-09-01,10.0,23.4,2.2,2.8,10.7,NNE,31.0,WNW,ENE,20.0,19.0,75.0,60.0,1022.2,1017.8,1.0,1.0,13.8,20.8,Yes,0,Yes
Sydney,2019-09-02,11.1,20.7,1.0,5.0,10.7,SSE,48.0,WNW,S,24.0,28.0,65.0,55.0,1018.2,1017.6,1.0,1.0,15.5,18.7,Yes,0,Yes
Sydney,2019-09-03,10.3,23.7,0.4,3.2,10.6,WNW,26.0,WNW,ENE,17.0,19.0,70.0,38.0,1018.0,1014.1,1.0,1.0,15.8,22.3,Yes,0,Yes
Sydney,2019-09-04,10.3,27.3,0.2,4.0,10.2,W,44.0,W,E,15.0,7.0,67.0,25.0,1015.8,1010.4,0.0,1.0,14.8,26.7,Yes,0,No
Sydney,2019-09-05,14.7,22.2,0.0,7.2,10.1,S,30.0,WNW,E,13.0,17.0,70.0,61.0,1016.8,1013.5,1.0,1.0,17.7,20.6,No,0,No
Sydney,2019-09-06,14.0,28.5,0.0,3.8,6.9,W,91.0,NNE,NE,24.0,11.0,70.0,66.0,1006.8,997.6,2.0,7.0,19.0,21.9,No,0,No
Sydney,2019-09-07,10.9,19.1,0.0,8.0,10.9,W,74.0,WNW,W,35.0,41.0,40.0,27.0,1007.4,1006.6,1.0,0.0,15.3,18.0,No,0,No
Sydney,2019-09-08,11.4,19.5,0.0,8.0,10.8,W,67.0,W,W,43.0,24.0,39.0,27.0,1013.0,1009.5,1.0,1.0,13.7,19.3,No,0,No
Sydney,2019-09-09,10.8,17.4,0.0,5.0,8.0,W,57.0,W,S,37.0,28.0,44.0,41.0,1011.2,1012.1,3.0,7.0,12.9,16.1,No,0,No
Sydney,2019-09-10,8.0,17.0,0.0,8.2,8.2,SSE,54.0,S,S,6.0,28.0,50.0,53.0,1024.7,1025.0,6.0,6.0,13.0,16.3,No,0,No
Sydney,2019-09-11,8.5,20.1,0.0,4.0,10.4,W,28.0,WNW,E,13.0,19.0,70.0,55.0,1031.5,1027.7,5.0,1.0,13.2,18.1,No,0,No
Sydney,2019-09-12,8.8,26.7,0.0,3.8,7.5,WNW,33.0,W,WNW,13.0,17.0,74.0,18.0,1023.8,1016.8,7.0,7.0,13.4,25.7,No,0,No
Sydney,2019-09-13,13.4,21.5,0.0,6.4,7.8,S,35.0,SE,E,20.0,17.0,72.0,60.0,1024.6,1020.3,5.0,3.0,17.0,19.1,No,0,No
Sydney,2019-09-14,11.2,20.3,0.0,4.8,10.3,SW,37.0,SSW,ESE,15.0,20.0,59.0,52.0,1023.4,1022.1,2.0,1.0,18.2,19.2,No,0,No
Sydney,2019-09-15,9.6,27.9,0.0,5.2,10.6,NNE,28.0,WNW,ENE,17.0,13.0,66.0,44.0,1022.5,1017.5,1.0,7.0,15.4,23.3,No,0,No
Sydney,2019-09-16,15.4,26.7,0.0,6.2,2.4,SSE,74.0,W,S,7.0,50.0,21.0,73.0,1015.0,1014.5,7.0,7.0,22.1,19.2,No,0,No
Sydney,2019-09-17,8.8,14.6,,4.2,0.0,SE,67.0,SSW,SE,20.0,28.0,98.0,96.0,1022.0,1020.4,8.0,8.0,10.5,13.9,No,0,No
Sydney,2019-09-18,10.5,18.1,,,0.1,SSE,57.0,SSE,SE,35.0,13.0,97.0,94.0,1025.5,1023.9,8.0,8.0,14.5,17.3,No,0,Yes
Sydney,2019-09-19,14.5,21.2,27.8,4.4,5.4,ENE,35.0,SE,E,2.0,22.0,97.0,76.0,1027.2,1024.9,7.0,6.0,16.3,20.7,Yes,0,No
Sydney,2019-09-20,15.5,22.4,0.0,2.6,9.1,ENE,46.0,NE,NE,19.0,22.0,79.0,75.0,1027.1,1022.7,7.0,3.0,19.5,21.1,No,0,Yes
Sydney,2019-09-21,16.9,24.4,0.2,6.2,4.3,NE,43.0,NNE,NE,19.0,26.0,81.0,71.0,1022.1,1017.2,7.0,6.0,18.7,21.9,Yes,0,Yes
Sydney,2019-09-22,18.3,23.1,0.2,4.8,7.1,nan,,WSW,ESE,13.0,24.0,67.0,50.0,1021.4,1019.7,5.0,3.0,18.8,20.5,Yes,0,No
Sydney,2019-09-23,11.7,21.6,0.0,6.2,7.6,W,44.0,WNW,ESE,9.0,17.0,54.0,41.0,1023.2,1020.5,1.0,7.0,17.5,18.5,No,0,No
Sydney,2019-09-24,9.2,21.3,0.0,5.0,11.1,E,33.0,WNW,E,19.0,26.0,47.0,49.0,1027.5,1023.3,1.0,1.0,15.2,19.1,No,0,Yes
Sydney,2019-09-25,9.3,21.9,0.4,6.6,11.0,ESE,37.0,WNW,SE,13.0,20.0,52.0,63.0,1028.2,1026.2,1.0,2.0,15.7,18.9,Yes,0,No
Sydney,2019-09-26,12.3,22.1,0.0,4.0,8.3,ENE,37.0,W,ENE,2.0,24.0,68.0,67.0,1026.8,1022.2,3.0,3.0,18.0,19.4,No,0,No
Sydney,2019-09-27,13.6,25.5,0.0,4.6,9.9,ENE,26.0,W,ENE,13.0,20.0,77.0,58.0,1019.5,1013.5,1.0,7.0,18.4,22.1,No,0,No
Sydney,2019-09-28,15.1,20.8,0.0,9.4,9.2,SSW,61.0,SSW,SSE,17.0,33.0,60.0,44.0,1016.7,1016.3,6.0,1.0,16.9,18.5,No,0,No
Sydney,2019-09-29,11.1,21.1,0.0,5.4,10.4,ENE,33.0,WNW,E,7.0,24.0,64.0,60.0,1018.9,1015.5,4.0,1.0,16.7,20.0,No,0,No
Sydney,2019-09-30,14.2,19.4,0.0,6.0,2.6,SSE,39.0,ESE,SE,9.0,20.0,84.0,74.0,1024.4,1025.3,7.0,7.0,15.4,15.4,No,0,Yes
Sydney,2019-10-01,12.1,21.1,0.8,3.4,7.2,E,33.0,WSW,NE,2.0,20.0,64.0,54.0,1031.8,1028.5,4.0,1.0,17.8,20.0,Yes,0,No
Sydney,2019-10-02,11.5,22.7,0.0,4.4,10.7,NNE,37.0,W,ENE,9.0,22.0,71.0,64.0,1029.1,1023.6,0.0,3.0,17.4,22.2,No,0,No
Sydney,2019-10-03,14.1,29.3,0.0,,11.1,NNE,31.0,WNW,NE,11.0,15.0,55.0,42.0,1024.8,1019.6,0.0,1.0,20.6,26.0,No,0,No
Sydney,2019-10-04,17.0,33.2,0.0,15.4,9.8,SSW,57.0,WNW,SSE,13.0,31.0,35.0,65.0,1017.9,1017.3,1.0,5.0,26.0,22.5,No,0,Yes
Sydney,2019-10-05,15.1,19.5,16.4,7.8,3.5,SSE,31.0,SSE,SSE,11.0,13.0,96.0,72.0,1024.2,1022.1,7.0,7.0,15.2,18.7,Yes,0,Yes
Sydney,2019-10-06,15.1,23.6,0.6,4.0,4.9,NNE,48.0,N,ENE,13.0,22.0,80.0,74.0,1018.1,1011.1,7.0,7.0,16.5,20.0,Yes,0,No
Sydney,2019-10-07,16.4,23.4,0.0,4.0,6.9,SE,39.0,S,ESE,17.0,20.0,79.0,72.0,1011.9,1010.4,7.0,7.0,19.1,21.1,No,0,No
Sydney,2019-10-08,16.3,23.7,0.0,4.4,5.7,S,50.0,WNW,S,13.0,28.0,90.0,80.0,1011.3,1010.1,6.0,6.0,17.7,16.5,No,0,Yes
Sydney,2019-10-09,10.4,19.3,1.0,5.2,11.0,S,57.0,W,S,19.0,26.0,60.0,46.0,1022.2,1021.7,4.0,2.0,13.3,18.4,Yes,0,Yes
Sydney,2019-10-10,10.8,20.4,0.6,6.8,11.1,SE,46.0,SSW,SSE,17.0,28.0,66.0,56.0,1023.5,1021.1,2.0,2.0,15.0,20.0,Yes,0,Yes
Sydney,2019-10-11,11.8,19.3,0.6,6.0,9.3,ESE,37.0,WNW,ESE,11.0,19.0,80.0,64.0,1020.2,1017.2,5.0,5.0,15.6,16.7,Yes,0,Yes
Sydney,2019-10-12,11.8,19.8,12.0,6.2,4.2,SE,44.0,SE,SSE,19.0,26.0,70.0,75.0,1018.8,1017.8,6.0,7.0,15.4,15.1,Yes,0,Yes
Sydney,2019-10-13,11.1,20.5,3.4,4.4,7.4,WSW,24.0,WNW,ESE,17.0,17.0,86.0,66.0,1021.7,1019.3,7.0,4.0,13.1,18.1,Yes,0,No
Sydney,2019-10-14,11.9,22.2,0.0,4.2,7.0,E,33.0,NNW,ENE,7.0,24.0,76.0,65.0,1018.1,1013.7,5.0,7.0,15.8,20.3,No,0,No
Sydney,2019-10-15,15.1,25.1,0.0,5.6,9.7,NE,50.0,WNW,NE,11.0,22.0,88.0,67.0,1013.6,1009.7,7.0,1.0,17.2,23.2,No,0,No
Sydney,2019-10-16,17.2,24.1,0.0,7.4,6.1,SSW,37.0,S,ESE,17.0,15.0,84.0,73.0,1012.8,1009.2,7.0,6.0,18.6,21.3,No,0,No
Sydney,2019-10-17,17.0,28.0,0.0,4.2,11.4,W,72.0,WNW,W,13.0,37.0,85.0,26.0,1006.5,1005.6,3.0,2.0,19.3,26.2,No,0,No
Sydney,2019-10-18,11.6,23.7,0.0,10.0,11.5,W,39.0,WSW,NE,15.0,17.0,42.0,44.0,1017.5,1013.9,0.0,0.0,16.0,22.6,No,0,No
Sydney,2019-10-19,14.0,28.4,0.0,8.8,10.5,W,70.0,W,WNW,11.0,37.0,34.0,19.0,1015.3,1010.0,1.0,2.0,19.0,27.7,No,0,No
Sydney,2019-10-20,11.9,22.5,0.0,8.8,12.1,ESE,31.0,W,E,17.0,19.0,44.0,35.0,1022.4,1021.0,1.0,1.0,15.4,21.8,No,0,No
Sydney,2019-10-21,11.6,24.0,0.0,6.8,12.2,ENE,30.0,WNW,ENE,17.0,24.0,69.0,57.0,1027.2,1024.7,5.0,1.0,15.7,22.7,No,0,No
Sydney,2019-10-22,12.7,24.2,0.0,5.8,12.2,E,37.0,W,ENE,13.0,20.0,81.0,57.0,1026.1,1022.0,1.0,1.0,16.2,22.4,No,0,No
Sydney,2019-10-23,15.2,25.6,0.0,7.4,11.6,ENE,48.0,NNE,ENE,9.0,24.0,80.0,65.0,1023.9,1018.1,3.0,1.0,19.9,24.1,No,0,No
Sydney,2019-10-24,18.1,27.4,0.0,8.0,10.9,WNW,39.0,S,ESE,13.0,17.0,82.0,69.0,1019.0,1016.3,1.0,2.0,20.7,24.2,No,0,No
Sydney,2019-10-25,17.1,36.7,0.0,8.6,9.7,NNW,48.0,WNW,NE,20.0,13.0,43.0,16.0,1012.6,1006.7,0.0,5.0,25.7,35.3,No,0,No
Sydney,2019-10-26,22.9,31.1,0.0,13.2,9.8,WNW,74.0,WNW,WNW,19.0,35.0,37.0,18.0,1003.3,1001.5,6.0,3.0,26.5,30.4,No,0,No
Sydney,2019-10-27,15.5,24.2,0.0,14.2,12.3,W,50.0,WSW,E,28.0,22.0,30.0,35.0,1015.5,1013.7,5.0,1.0,17.9,22.9,No,0,No
Sydney,2019-10-28,13.0,22.5,0.0,8.0,7.3,ESE,43.0,WNW,ESE,11.0,28.0,74.0,61.0,1021.6,1022.3,3.0,3.0,18.1,21.7,No,0,No
Sydney,2019-10-29,13.4,26.0,0.0,5.4,12.2,NE,46.0,WNW,NE,9.0,22.0,78.0,54.0,1024.1,1018.9,3.0,0.0,18.0,25.4,No,0,No
Sydney,2019-10-30,16.1,26.3,0.0,10.0,5.2,E,28.0,WNW,E,9.0,22.0,77.0,64.0,1018.6,1015.7,7.0,7.0,20.0,24.2,No,0,No
Sydney,2019-10-31,17.4,26.5,0.0,5.0,10.2,ENE,41.0,NE,ENE,6.0,19.0,87.0,61.0,1017.9,1015.4,5.0,0.0,20.4,26.1,No,0,No
Sydney,2019-11-01,17.3,26.9,0.0,7.0,11.6,NE,57.0,NE,NE,9.0,20.0,78.0,60.0,1018.1,1014.6,0.0,0.0,20.5,26.4,No,0,No
Sydney,2019-11-02,17.6,27.9,0.0,10.0,9.1,nan,,nan,nan,,,76.0,55.0,1016.5,1012.8,7.0,4.0,21.6,26.7,No,0,No
Sydney,2019-11-03,17.8,28.5,0.0,9.2,3.7,nan,,nan,nan,,,76.0,62.0,1013.2,1009.0,6.0,7.0,21.9,24.1,No,0,Yes
Sydney,2019-11-04,16.1,25.2,18.2,5.8,11.0,nan,,nan,nan,,,75.0,67.0,1014.5,1012.7,2.0,1.0,20.2,24.5,Yes,0,Yes
Sydney,2019-11-05,14.7,20.0,0.2,8.2,9.7,SSE,2.0,nan,nan,,,62.0,48.0,1014.8,1015.4,5.0,1.0,17.2,18.8,Yes,0,No
Sydney,2019-11-06,11.5,27.9,0.0,7.4,12.8,NE,39.0,nan,E,,26.0,55.0,46.0,1013.9,1007.3,1.0,1.0,17.5,23.8,No,0,No
Sydney,2019-11-07,17.5,31.1,0.0,11.2,11.9,NW,57.0,NW,ESE,24.0,28.0,23.0,32.0,1003.9,1003.0,0.0,1.0,25.2,27.8,No,0,No
Sydney,2019-11-08,18.3,30.5,0.0,12.6,12.2,W,69.0,WNW,W,20.0,39.0,31.0,19.0,1002.2,997.8,0.0,3.0,24.1,30.3,No,0,No
Sydney,2019-11-09,12.7,21.0,0.0,12.6,12.3,WSW,46.0,W,ESE,22.0,24.0,36.0,36.0,1012.3,1010.1,1.0,3.0,15.1,19.9,No,0,No
Sydney,2019-11-10,14.0,25.6,0.0,10.0,12.2,W,44.0,WSW,E,26.0,20.0,40.0,37.0,1012.5,1011.0,2.0,1.0,18.4,25.0,No,0,No
Sydney,2019-11-11,14.4,26.6,0.0,8.0,11.7,NNE,56.0,NNW,NE,20.0,28.0,66.0,50.0,1016.6,1011.7,2.0,1.0,19.5,25.7,No,0,No
Sydney,2019-11-12,16.6,36.2,0.0,9.4,11.0,SSE,65.0,N,WNW,24.0,26.0,28.0,10.0,1007.3,1000.7,1.0,2.0,25.5,35.7,No,0,No
Sydney,2019-11-13,14.2,24.1,0.0,14.6,12.9,W,44.0,W,E,26.0,19.0,28.0,33.0,1013.6,1011.3,1.0,0.0,17.9,22.4,No,0,No
Sydney,2019-11-14,14.8,25.5,0.0,10.8,11.1,W,37.0,SW,ENE,7.0,20.0,33.0,32.0,1015.9,1011.1,2.0,1.0,20.5,25.1,No,0,No
Sydney,2019-11-15,15.3,31.5,0.0,10.0,11.8,S,52.0,W,NE,6.0,17.0,45.0,29.0,1010.4,1005.1,2.0,5.0,22.8,29.1,No,0,No
Sydney,2019-11-16,17.0,24.4,0.0,12.0,8.3,S,52.0,SE,ESE,19.0,22.0,69.0,59.0,1016.3,1014.7,5.0,5.0,19.6,21.9,No,0,No
Sydney,2019-11-17,18.0,23.1,0.0,5.8,4.9,ESE,46.0,S,SE,11.0,26.0,80.0,61.0,1015.1,1016.2,7.0,5.0,19.9,20.6,No,0,No
Sydney,2019-11-18,15.5,25.8,0.0,6.8,11.0,NNE,46.0,NNW,NE,15.0,24.0,66.0,58.0,1019.4,1013.2,6.0,0.0,20.1,24.3,No,0,No
Sydney,2019-11-19,16.2,32.3,0.0,9.0,12.4,SSE,56.0,,NE,,24.0,43.0,26.0,1012.1,1007.5,0.0,0.0,23.7,30.5,No,0,No
Sydney,2019-11-20,17.8,26.4,0.0,14.4,6.4,SSE,39.0,SSW,E,13.0,20.0,73.0,49.0,1018.3,1016.1,8.0,1.0,19.0,25.9,No,0,No
Sydney,2019-11-21,16.3,28.5,0.0,6.0,10.7,NE,52.0,N,NE,9.0,22.0,73.0,61.0,1016.2,1010.7,0.0,1.0,22.0,27.9,No,0,No
Sydney,2019-11-22,19.8,25.2,0.0,7.6,5.7,SSE,56.0,SSE,SSE,26.0,20.0,73.0,68.0,1012.7,1013.1,5.0,6.0,22.1,22.3,No,0,Yes
Sydney,2019-11-23,18.4,22.0,7.2,5.0,0.0,SSE,33.0,SSW,ESE,11.0,9.0,88.0,78.0,1015.4,1013.6,8.0,8.0,18.9,21.3,Yes,0,Yes
Sydney,2019-11-24,18.5,25.2,0.6,3.6,2.5,SSE,46.0,SSE,ESE,17.0,17.0,73.0,57.0,1020.0,1016.6,8.0,7.0,19.3,24.8,Yes,0,No
Sydney,2019-11-25,18.3,28.7,0.0,5.8,5.3,NNE,52.0,NW,NE,11.0,19.0,81.0,61.0,1012.4,1007.1,7.0,5.0,21.7,25.6,No,0,Yes
Sydney,2019-11-26,18.9,34.4,1.6,7.2,7.4,NNW,104.0,NE,N,11.0,24.0,64.0,46.0,1003.5,997.9,3.0,7.0,25.0,29.6,Yes,0,Yes
Sydney,2019-11-27,14.5,23.9,2.0,14.0,12.6,nan,,S,E,4.0,20.0,43.0,41.0,1016.5,1014.6,1.0,0.0,18.3,22.9,Yes,0,No
Sydney,2019-11-28,,,,8.8,11.8,nan,,nan,ENE,,28.0,70.0,60.0,1017.0,1014.1,1.0,0.0,20.0,26.1,No,0,No
Sydney,2019-11-29,20.0,29.9,,9.0,6.3,NE,41.0,NNE,E,7.0,20.0,79.0,62.0,1014.6,1010.1,8.0,1.0,21.5,26.2,No,0,No
Sydney,2019-11-30,19.4,24.2,0.0,6.6,3.5,SSE,56.0,S,SE,26.0,9.0,80.0,71.0,1008.6,1006.5,7.0,6.0,20.4,21.0,No,0,No
Sydney,2019-12-01,17.1,24.3,0.0,6.8,6.3,WNW,48.0,ENE,ENE,6.0,22.0,65.0,60.0,1006.9,999.0,8.0,2.0,18.3,23.2,No,0,No
Sydney,2019-12-02,16.5,22.9,0.0,8.8,6.3,WSW,70.0,W,W,26.0,35.0,43.0,30.0,994.6,993.9,7.0,3.0,18.7,21.3,No,0,No
Sydney,2019-12-03,14.0,28.7,0.0,8.0,10.7,W,41.0,W,NE,17.0,19.0,38.0,32.0,1005.3,1002.5,0.0,0.0,19.0,26.4,No,0,No
Sydney,2019-12-04,18.1,30.9,0.0,9.0,10.8,NE,31.0,NW,E,11.0,17.0,34.0,32.0,1009.0,1005.8,0.0,0.0,23.3,27.2,No,0,No
Sydney,2019-12-05,15.9,34.6,0.0,7.0,10.7,S,37.0,NW,E,13.0,17.0,36.0,17.0,1009.4,1003.9,1.0,,24.0,33.8,No,0,No
Sydney,2019-12-06,17.6,24.2,0.0,8.0,3.7,SSE,46.0,E,E,11.0,17.0,74.0,74.0,1007.0,1003.4,5.0,,22.1,23.5,No,0,No
Sydney,2019-12-07,17.6,26.1,0.0,5.0,7.9,ESE,39.0,E,E,2.0,22.0,73.0,63.0,1013.0,1010.5,3.0,,21.7,24.4,No,0,No
Sydney,2019-12-08,19.4,26.9,0.0,8.0,4.7,E,37.0,E,E,20.0,24.0,63.0,55.0,1019.6,1019.2,7.0,5.0,21.8,26.0,No,0,No
Sydney,2019-12-09,20.0,26.4,0.0,7.6,7.0,NNE,54.0,NE,NE,20.0,26.0,76.0,66.0,1021.8,1017.1,7.0,1.0,23.1,25.7,No,0,No
Sydney,2019-12-10,18.7,30.1,0.0,8.2,6.5,S,61.0,WNW,SSE,4.0,26.0,83.0,70.0,1012.7,1010.9,0.0,7.0,22.8,25.8,No,0,No
Sydney,2019-12-11,18.1,24.3,0.0,6.6,2.9,S,43.0,SW,SE,19.0,20.0,79.0,60.0,1016.4,1013.3,8.0,4.0,18.4,22.4,No,0,No
Sydney,2019-12-12,18.2,23.6,0.0,6.6,3.9,ESE,35.0,S,ESE,13.0,20.0,75.0,61.0,1014.7,1013.0,8.0,8.0,19.6,21.9,No,0,Yes
Sydney,2019-12-13,18.2,24.8,0.2,7.2,0.7,ESE,33.0,E,ESE,7.0,24.0,75.0,62.0,1016.1,1013.4,8.0,5.0,19.8,22.8,Yes,0,No
Sydney,2019-12-14,19.0,28.1,0.0,4.2,6.7,SSE,33.0,W,E,4.0,20.0,74.0,68.0,1011.9,1008.2,4.0,1.0,21.8,24.7,No,0,No
Sydney,2019-12-15,20.3,28.8,0.0,7.6,4.2,NNE,35.0,W,ENE,4.0,13.0,79.0,68.0,1010.8,1005.7,7.0,8.0,23.1,25.2,No,0,No
Sydney,2019-12-16,19.3,24.0,0.0,6.6,9.1,S,65.0,S,SE,20.0,31.0,65.0,57.0,1011.9,1014.4,3.0,6.0,22.3,23.1,No,0,No
Sydney,2019-12-17,16.4,26.5,0.0,7.4,12.5,E,28.0,ENE,ESE,6.0,20.0,59.0,49.0,1020.7,1019.5,2.0,0.0,21.0,24.6,No,0,No
Sydney,2019-12-18,16.7,27.5,0.0,8.8,11.1,ENE,50.0,N,NE,13.0,28.0,63.0,53.0,1020.4,1016.8,1.0,1.0,21.9,26.5,No,0,No
Sydney,2019-12-19,18.8,39.8,0.0,11.2,6.1,S,59.0,WNW,ESE,13.0,7.0,65.0,42.0,1013.0,1010.0,0.0,,23.9,31.6,No,0,No
Sydney,2019-12-20,18.9,28.9,0.0,7.4,10.2,ENE,37.0,S,E,7.0,19.0,72.0,60.0,1020.9,1017.9,5.0,0.0,22.4,25.6,No,0,No
Sydney,2019-12-21,20.5,29.9,0.0,8.6,8.5,S,65.0,N,E,4.0,19.0,74.0,63.0,1013.8,1007.8,0.0,0.0,24.4,28.1,No,0,No
Sydney,2019-12-22,18.4,23.4,0.0,10.0,3.5,SSW,44.0,SSE,SSE,22.0,20.0,69.0,52.0,1021.4,1021.7,7.0,7.0,19.3,22.9,No,0,No
Sydney,2019-12-23,16.9,26.1,0.0,6.4,2.4,NNE,31.0,W,NE,7.0,17.0,71.0,54.0,1021.2,1017.3,7.0,6.0,19.3,24.9,No,0,No
Sydney,2019-12-24,19.3,29.1,0.0,5.2,1.9,E,31.0,E,E,17.0,15.0,85.0,68.0,1014.4,1014.0,7.0,7.0,23.5,26.0,No,0,Yes
Sydney,2019-12-25,21.3,29.3,1.6,4.4,10.5,ENE,43.0,ESE,E,13.0,28.0,76.0,55.0,1017.9,1016.1,5.0,1.0,23.7,28.2,Yes,0,No
Sydney,2019-12-26,20.1,29.4,0.0,8.6,12.1,NE,52.0,NE,NE,13.0,26.0,70.0,53.0,1019.3,1016.8,2.0,0.0,23.4,27.9,No,0,No
Sydney,2019-12-27,19.7,29.1,0.0,11.4,11.7,NE,54.0,NNE,ENE,19.0,28.0,65.0,50.0,1020.5,1018.3,1.0,0.0,24.2,27.6,No,0,No
Sydney,2019-12-28,19.1,30.8,0.0,12.0,11.4,NNE,56.0,ENE,NE,13.0,20.0,68.0,46.0,1018.8,1015.3,0.0,0.0,23.8,30.3,No,0,No
Sydney,2019-12-29,19.7,26.8,0.0,11.0,5.4,ENE,31.0,E,E,6.0,15.0,77.0,62.0,1016.6,1013.7,0.0,,22.9,26.5,No,0,No
Sydney,2019-12-30,19.3,28.3,0.0,5.8,10.3,NNE,43.0,E,E,9.0,22.0,83.0,56.0,1014.5,1009.9,,,22.4,27.4,No,0,No
Sydney,2019-12-31,20.3,36.6,0.0,8.2,9.7,S,69.0,ESE,NNE,4.0,26.0,67.0,30.0,1007.5,1003.3,,1.0,25.5,36.0,No,0,No
Sydney,2020-01-01,18.9,27.3,0.0,14.2,4.5,SSW,39.0,S,ESE,11.0,24.0,68.0,60.0,1015.0,1013.5,8.0,5.0,20.9,24.9,No,0,No
Sydney,2020-01-02,19.3,29.0,0.0,7.2,5.3,SSW,35.0,ESE,ESE,17.0,20.0,64.0,51.0,1019.8,1017.4,7.0,7.0,22.6,27.2,No,0,No
Sydney,2020-01-03,21.9,29.4,0.0,,8.2,NE,43.0,WNW,E,9.0,26.0,79.0,68.0,1017.5,1012.5,8.0,0.0,24.1,27.6,No,0,No
Sydney,2020-01-04,20.9,36.4,0.0,15.4,10.5,S,81.0,E,E,9.0,20.0,72.0,45.0,1010.2,1004.8,1.0,3.0,26.6,33.0,No,0,No
Sydney,2020-01-05,21.4,26.6,0.0,16.0,4.4,SSW,67.0,S,S,20.0,26.0,66.0,60.0,1018.5,1018.2,6.0,6.0,22.5,24.0,No,0,No
Sydney,2020-01-06,19.4,27.9,0.0,8.4,0.2,ESE,31.0,ESE,E,17.0,17.0,70.0,55.0,1021.0,1018.0,8.0,8.0,21.8,27.3,No,0,Yes
Sydney,2020-01-07,20.1,28.8,3.0,4.0,2.8,NE,37.0,ENE,ENE,4.0,26.0,90.0,79.0,1015.8,1011.3,8.0,7.0,22.2,25.1,Yes,0,Yes
Sydney,2020-01-08,21.1,27.7,3.0,5.6,0.3,S,48.0,SSW,S,20.0,33.0,83.0,63.0,1015.9,1014.6,,,22.7,27.4,Yes,0,No
Sydney,2020-01-09,21.2,26.5,0.0,6.8,0.2,SSW,33.0,SSW,S,15.0,17.0,87.0,66.0,1018.1,1016.8,7.0,7.0,21.5,26.2,No,0,Yes
Sydney,2020-01-10,21.4,31.3,0.4,3.8,8.1,NNE,52.0,NNE,NE,11.0,24.0,84.0,60.0,1013.6,1006.7,7.0,0.0,24.2,30.5,Yes,0,Yes
Sydney,2020-01-11,19.0,23.1,0.2,11.2,0.1,S,76.0,S,S,24.0,22.0,83.0,56.0,1013.0,1013.0,8.0,7.0,19.1,22.4,Yes,0,No
Sydney,2020-01-12,18.9,22.1,0.0,6.4,0.0,SSE,37.0,SE,SSE,15.0,20.0,60.0,87.0,1018.2,1018.7,8.0,8.0,21.6,19.4,No,0,Yes
Sydney,2020-01-13,17.2,29.1,0.6,2.4,9.8,ENE,33.0,WNW,E,13.0,20.0,84.0,51.0,1020.2,1017.8,4.0,3.0,20.3,27.2,Yes,0,No
Sydney,2020-01-14,19.0,28.9,0.0,9.6,8.9,E,33.0,,E,,24.0,81.0,60.0,1018.1,1016.0,7.0,1.0,23.0,26.9,No,0,No
Sydney,2020-01-15,18.8,28.3,0.0,7.0,8.1,E,31.0,WNW,E,4.0,24.0,83.0,57.0,1014.7,1010.9,1.0,6.0,22.0,26.8,No,0,Yes
Sydney,2020-01-16,21.2,28.1,0.6,6.2,0.0,S,46.0,N,ENE,2.0,4.0,93.0,82.0,1007.8,1005.3,8.0,8.0,21.8,24.9,Yes,0,Yes
Sydney,2020-01-17,18.4,22.2,29.0,6.8,0.0,SSW,50.0,SSW,SSW,22.0,22.0,97.0,94.0,1008.9,1009.1,8.0,8.0,18.4,20.0,Yes,0,Yes
Sydney,2020-01-18,18.3,22.8,33.0,3.2,0.0,SSW,52.0,SSW,SW,28.0,17.0,89.0,83.0,1009.1,1009.2,8.0,8.0,21.3,22.1,Yes,0,Yes
Sydney,2020-01-19,18.7,26.6,4.0,3.0,2.6,SSE,28.0,W,S,11.0,13.0,94.0,71.0,1008.9,1006.5,7.0,7.0,20.4,25.4,Yes,0,Yes
Sydney,2020-01-20,20.4,29.1,0.2,3.4,8.3,NE,44.0,ESE,NE,4.0,17.0,85.0,86.0,1004.9,999.0,5.0,7.0,23.7,26.2,Yes,0,Yes
Sydney,2020-01-21,19.6,31.9,3.0,6.6,12.9,ESE,37.0,WNW,ESE,17.0,26.0,51.0,41.0,1007.2,1006.5,1.0,1.0,24.6,29.6,Yes,0,No
Sydney,2020-01-22,20.0,30.7,0.0,9.6,12.3,NE,44.0,WNW,E,6.0,30.0,81.0,68.0,1011.5,1007.1,1.0,1.0,23.3,30.0,No,0,No
Sydney,2020-01-23,22.7,41.2,0.0,10.6,8.4,NNW,72.0,N,NNW,22.0,41.0,48.0,19.0,1003.0,998.2,5.0,4.0,30.3,40.8,No,0,No
Sydney,2020-01-24,22.9,28.5,0.0,15.6,0.0,NNW,52.0,SSW,E,19.0,13.0,82.0,63.0,1009.8,1009.9,7.0,7.0,23.0,27.9,No,0,Yes
Sydney,2020-01-25,22.3,29.1,2.2,4.6,5.2,ESE,28.0,ENE,E,15.0,19.0,78.0,75.0,1015.1,1012.8,8.0,5.0,25.7,27.9,Yes,0,No
Sydney,2020-01-26,24.2,32.5,0.0,7.4,9.6,NNE,59.0,E,ENE,7.0,20.0,86.0,67.0,1012.1,1008.4,6.0,6.0,25.9,30.7,No,0,Yes
Sydney,2020-01-27,22.5,30.2,0.2,9.4,4.5,S,54.0,S,ESE,15.0,17.0,83.0,67.0,1014.7,1012.2,7.0,3.0,23.9,29.4,Yes,0,No
Sydney,2020-01-28,22.7,31.3,0.0,7.4,6.6,S,44.0,W,E,6.0,17.0,84.0,76.0,1012.9,1009.1,6.0,7.0,25.5,27.6,No,0,No
Sydney,2020-01-29,23.1,29.0,0.0,6.0,3.1,S,39.0,S,SE,17.0,15.0,71.0,65.0,1016.3,1015.8,7.0,7.0,24.5,27.4,No,0,No
Sydney,2020-01-30,19.9,30.1,0.0,7.6,11.7,ENE,39.0,W,ENE,7.0,28.0,83.0,59.0,1018.1,1014.2,7.0,7.0,23.0,29.9,No,0,No
Sydney,2020-01-31,23.0,32.4,0.0,7.4,10.8,NE,50.0,NNE,ENE,4.0,28.0,85.0,68.0,1015.9,1011.9,1.0,0.0,25.8,30.4,No,0,No
Sydney,2020-02-01,23.7,36.4,0.0,9.6,11.3,NNE,56.0,E,NE,13.0,17.0,85.0,48.0,1011.0,1006.9,0.0,1.0,26.5,35.5,No,0,No
Sydney,2020-02-02,24.6,31.1,0.0,10.0,3.1,SSE,44.0,S,SE,13.0,26.0,81.0,69.0,1007.1,1005.1,4.0,6.0,25.3,29.3,No,0,Yes
Sydney,2020-02-03,22.2,31.7,23.0,7.8,6.9,SSE,72.0,SSE,E,11.0,19.0,97.0,66.0,1006.1,1003.1,8.0,5.0,23.3,28.8,Yes,0,Yes
Sydney,2020-02-04,18.2,23.7,3.0,9.4,4.5,SSE,54.0,SSW,ESE,22.0,20.0,58.0,56.0,1020.8,1020.9,6.0,7.0,18.9,21.6,Yes,0,Yes
Sydney,2020-02-05,17.9,27.4,0.6,7.0,9.3,E,37.0,W,E,9.0,20.0,72.0,57.0,1021.2,1018.5,3.0,7.0,20.5,25.9,Yes,0,Yes
Sydney,2020-02-06,20.4,24.4,0.6,8.0,0.0,ENE,44.0,ENE,E,22.0,9.0,77.0,80.0,1022.2,1021.6,7.0,7.0,23.1,23.1,Yes,0,Yes
Sydney,2020-02-07,18.5,22.6,78.2,4.0,0.0,E,59.0,ESE,ESE,35.0,28.0,100.0,99.0,1021.3,1019.7,7.0,7.0,19.2,20.7,Yes,0,Yes
Sydney,2020-02-08,18.9,23.8,69.2,,0.0,ESE,70.0,E,ENE,24.0,44.0,88.0,94.0,1018.9,1017.6,7.0,7.0,22.5,21.1,Yes,0,Yes
Sydney,2020-02-09,19.1,21.9,65.4,,0.0,ESE,102.0,SE,ESE,43.0,59.0,99.0,100.0,1014.6,1008.9,8.0,8.0,19.2,20.2,Yes,0,Yes
Sydney,2020-02-10,19.2,27.8,164.8,,5.6,ESE,63.0,,E,,20.0,,81.0,1010.2,1007.8,6.0,5.0,21.7,26.7,Yes,0,No
Sydney,2020-02-11,20.6,30.8,0.0,4.2,10.5,NE,44.0,W,ENE,11.0,17.0,94.0,74.0,1009.2,1006.9,4.0,6.0,21.9,26.9,No,0,No
Sydney,2020-02-12,21.9,26.4,0.0,7.8,2.3,ESE,33.0,E,ESE,6.0,20.0,90.0,90.0,1009.7,1009.7,5.0,8.0,24.3,23.9,No,0,Yes
Sydney,2020-02-13,21.5,26.3,7.8,3.0,0.9,ENE,35.0,ESE,ENE,17.0,17.0,99.0,95.0,1011.7,1010.8,7.0,7.0,23.6,23.0,Yes,0,Yes
Sydney,2020-02-14,20.2,27.8,5.4,4.0,12.1,SSE,35.0,SSE,SSE,17.0,19.0,81.0,57.0,1010.2,1007.1,2.0,1.0,22.7,26.9,Yes,0,No
Sydney,2020-02-15,18.3,28.5,0.0,8.0,8.2,ESE,26.0,WNW,ESE,11.0,13.0,88.0,68.0,1006.0,1006.4,1.0,7.0,21.0,25.3,No,0,Yes
Sydney,2020-02-16,20.2,27.7,1.0,4.4,9.3,ESE,30.0,SSW,SE,9.0,20.0,81.0,64.0,1014.5,1014.2,2.0,7.0,22.1,26.6,Yes,0,Yes
Sydney,2020-02-17,20.7,26.1,1.0,5.6,2.1,W,17.0,WNW,ENE,7.0,11.0,91.0,79.0,1014.9,1012.8,7.0,7.0,22.1,24.2,Yes,0,Yes
Sydney,2020-02-18,20.3,30.0,0.4,3.0,7.0,W,104.0,NNW,NE,6.0,22.0,94.0,67.0,1010.0,1005.1,7.0,7.0,21.7,29.7,Yes,0,Yes
Sydney,2020-02-19,19.9,29.1,11.2,9.8,12.1,W,44.0,W,W,22.0,15.0,57.0,35.0,1003.1,1002.6,0.0,3.0,22.4,28.2,Yes,0,No
Sydney,2020-02-20,17.7,25.5,0.0,9.8,10.2,ESE,39.0,SE,SE,9.0,20.0,77.0,55.0,1010.7,1011.2,5.0,2.0,19.7,24.1,No,0,No
Sydney,2020-02-21,19.7,26.6,0.0,7.0,6.8,SE,37.0,ESE,ESE,4.0,19.0,72.0,63.0,1016.5,1016.1,7.0,7.0,21.9,25.2,No,0,No
Sydney,2020-02-22,18.5,24.3,0.0,5.8,0.8,SSW,33.0,ENE,ESE,15.0,6.0,86.0,67.0,1023.9,1023.3,7.0,7.0,19.4,23.4,No,0,No
Sydney,2020-02-23,19.4,25.9,0.0,4.6,1.4,ENE,30.0,WNW,NE,9.0,15.0,80.0,64.0,1024.7,1023.0,7.0,7.0,21.7,25.2,No,0,Yes
Sydney,2020-02-24,19.1,28.4,2.0,4.2,11.6,ENE,31.0,WNW,E,7.0,26.0,83.0,62.0,1021.5,1018.9,6.0,1.0,21.7,27.9,Yes,0,Yes
Sydney,2020-02-25,19.8,29.7,0.2,8.0,11.1,NNE,48.0,NW,ENE,2.0,28.0,88.0,58.0,1017.2,1013.0,1.0,5.0,22.0,29.2,Yes,0,No
Sydney,2020-02-26,21.7,32.2,0.0,8.8,9.0,SSW,74.0,NW,NW,6.0,11.0,67.0,58.0,1006.8,1003.0,7.0,7.0,26.1,28.9,No,0,Yes
Sydney,2020-02-27,20.1,27.2,0.6,10.6,6.8,SSE,39.0,SSE,E,4.0,28.0,67.0,55.0,1011.8,1007.9,7.0,2.0,21.0,26.6,Yes,0,No
Sydney,2020-02-28,18.7,25.7,0.0,6.4,11.1,SSE,43.0,SSW,SSE,19.0,19.0,61.0,60.0,1010.8,1012.3,1.0,7.0,20.5,23.7,No,0,No
Sydney,2020-02-29,19.0,27.9,0.0,6.8,8.1,E,33.0,WNW,E,13.0,22.0,80.0,53.0,1017.6,1014.6,2.0,7.0,20.4,26.9,No,0,No
Sydney,2020-03-01,18.7,29.7,0.0,5.4,10.5,NNE,48.0,WNW,ENE,4.0,20.0,92.0,62.0,1014.4,1010.2,1.0,5.0,21.1,28.2,No,0,No
Sydney,2020-03-02,20.0,38.0,0.0,9.6,9.1,S,80.0,W,E,17.0,9.0,61.0,19.0,1009.2,1007.3,3.0,7.0,23.4,37.5,No,0,No
Sydney,2020-03-03,20.4,21.9,0.0,10.0,0.0,SSE,31.0,SSE,SSW,15.0,13.0,72.0,81.0,1019.1,1019.6,8.0,8.0,21.3,20.5,No,0,Yes
Sydney,2020-03-04,18.6,25.6,22.4,1.4,0.0,ENE,46.0,E,ENE,28.0,15.0,100.0,74.0,1019.4,1016.3,8.0,7.0,19.9,24.7,Yes,0,Yes
Sydney,2020-03-05,19.9,22.8,8.0,3.2,0.0,NNE,54.0,NE,N,15.0,19.0,95.0,98.0,1011.9,1008.0,7.0,7.0,22.1,20.9,Yes,0,Yes
Sydney,2020-03-06,20.7,27.6,40.6,1.4,5.7,S,44.0,WNW,SSE,13.0,20.0,98.0,79.0,1007.4,1009.2,6.0,8.0,21.7,24.5,Yes,0,No
Sydney,2020-03-07,19.4,24.9,0.0,6.8,6.4,SSE,44.0,SSW,SSE,19.0,28.0,84.0,66.0,1019.3,1019.5,7.0,2.0,19.9,23.4,No,0,Yes
Sydney,2020-03-08,16.6,23.2,18.8,7.8,3.6,SSE,33.0,SW,SSE,15.0,17.0,95.0,66.0,1021.5,1019.5,8.0,7.0,18.1,21.3,Yes,0,Yes
Sydney,2020-03-09,16.7,22.2,7.2,2.8,,SSE,37.0,ESE,SSE,4.0,24.0,96.0,74.0,1021.7,1020.6,7.0,7.0,16.7,21.2,Yes,0,Yes
Sydney,2020-03-10,16.6,23.6,4.0,4.4,4.9,S,24.0,S,SE,13.0,13.0,80.0,57.0,1022.2,1020.6,6.0,6.0,18.7,23.3,Yes,0,No
Sydney,2020-03-11,15.4,26.0,0.0,3.6,10.6,ESE,28.0,WNW,ESE,13.0,19.0,93.0,55.0,1023.4,1023.1,2.0,4.0,17.1,25.3,No,0,Yes
Sydney,2020-03-12,17.0,26.6,0.8,5.4,10.8,E,28.0,WNW,E,11.0,17.0,92.0,53.0,1025.7,1023.5,1.0,1.0,19.0,26.2,Yes,0,No
Sydney,2020-03-13,15.1,26.5,0.0,7.4,11.2,NE,37.0,WNW,E,13.0,24.0,91.0,57.0,1020.9,1016.1,1.0,1.0,17.1,25.7,No,0,No
Sydney,2020-03-14,17.1,17.9,0.0,7.8,0.0,S,65.0,S,WSW,41.0,22.0,80.0,94.0,1016.5,1018.4,7.0,8.0,17.3,13.1,No,0,Yes
Sydney,2020-03-15,13.0,20.3,12.6,4.4,3.3,SSE,48.0,S,SSW,22.0,15.0,76.0,92.0,1021.8,1021.8,4.0,7.0,17.2,17.5,Yes,0,Yes
Sydney,2020-03-16,15.7,22.5,15.0,3.4,3.3,SE,48.0,WNW,SSE,7.0,19.0,100.0,92.0,1024.7,1025.3,7.0,7.0,17.6,18.9,Yes,0,Yes
Sydney,2020-03-17,14.8,23.9,10.4,4.4,4.3,W,28.0,W,ESE,11.0,13.0,96.0,65.0,1027.8,1026.3,7.0,7.0,16.9,22.9,Yes,0,No
Sydney,2020-03-18,14.6,25.8,0.0,2.6,10.7,NNE,35.0,W,ENE,9.0,19.0,98.0,59.0,1027.0,1022.5,1.0,2.0,15.8,24.5,No,0,Yes
Sydney,2020-03-19,15.8,32.0,0.2,7.0,10.6,WNW,22.0,WNW,ENE,19.0,13.0,87.0,46.0,1022.1,1019.3,5.0,3.0,18.2,30.4,Yes,0,No
Sydney,2020-03-20,18.2,34.7,0.0,6.6,10.0,S,48.0,WNW,NW,4.0,20.0,68.0,29.0,1015.7,1010.9,7.0,1.0,22.8,34.3,No,0,No
Sydney,2020-03-21,18.1,27.6,0.0,9.8,9.7,SSE,39.0,WNW,SSE,13.0,22.0,90.0,67.0,1019.9,1019.9,1.0,6.0,19.6,23.2,No,0,No
Sydney,2020-03-22,18.0,29.6,0.0,6.8,10.3,SSE,48.0,W,E,6.0,15.0,91.0,60.0,1018.7,1015.8,7.0,7.0,19.8,28.0,No,0,Yes
Sydney,2020-03-23,18.1,23.0,0.6,6.6,4.9,S,46.0,S,SSE,15.0,22.0,69.0,66.0,1025.3,1024.6,5.0,6.0,19.9,22.1,Yes,0,Yes
Sydney,2020-03-24,16.4,22.4,6.0,5.0,0.5,NE,31.0,NNW,E,13.0,20.0,97.0,75.0,1024.8,1021.7,7.0,7.0,17.4,21.5,Yes,0,Yes
Sydney,2020-03-25,17.4,25.6,0.4,3.4,4.3,SSE,39.0,WNW,SSE,6.0,24.0,84.0,73.0,1019.1,1018.3,6.0,8.0,19.4,23.5,Yes,0,Yes
Sydney,2020-03-26,16.9,22.4,19.4,5.8,3.7,SSE,50.0,S,SSW,20.0,28.0,77.0,72.0,1025.0,1025.0,7.0,6.0,18.9,21.0,Yes,0,Yes
Sydney,2020-03-27,17.4,23.9,0.6,1.8,3.6,E,35.0,ESE,ESE,20.0,19.0,71.0,52.0,1027.2,1025.9,6.0,6.0,20.2,22.5,Yes,0,No
Sydney,2020-03-28,15.0,26.2,0.0,4.6,5.6,E,33.0,WNW,ENE,13.0,17.0,93.0,53.0,1025.6,1023.0,3.0,7.0,16.4,24.7,No,0,Yes
Sydney,2020-03-29,16.4,26.0,13.4,5.6,7.5,NE,41.0,W,NE,2.0,24.0,100.0,71.0,1020.9,1017.2,5.0,6.0,18.5,25.2,Yes,0,Yes
Sydney,2020-03-30,18.5,24.8,1.0,4.0,1.7,NNW,31.0,NW,WNW,6.0,11.0,94.0,66.0,1014.1,1011.4,7.0,7.0,20.1,24.5,Yes,0,No
Sydney,2020-03-31,17.2,27.0,0.0,2.8,10.1,ESE,28.0,WNW,SE,11.0,17.0,95.0,67.0,1016.7,1015.7,2.0,2.0,18.1,26.7,No,0,No
Sydney,2020-04-01,18.1,24.8,0.0,4.6,0.8,ENE,35.0,E,ENE,13.0,17.0,88.0,78.0,1019.9,1017.6,7.0,7.0,22.1,24.5,No,0,No
Sydney,2020-04-02,18.8,25.4,0.0,3.8,2.2,NE,33.0,NNE,N,7.0,9.0,92.0,81.0,1015.2,1011.6,7.0,8.0,20.6,22.5,No,0,Yes
Sydney,2020-04-03,17.5,25.8,4.8,1.8,3.4,NE,31.0,ESE,E,6.0,17.0,93.0,71.0,1010.4,1006.1,3.0,7.0,18.8,25.1,Yes,0,Yes
Sydney,2020-04-04,18.8,25.6,7.2,3.2,8.2,W,65.0,NNW,WNW,28.0,31.0,90.0,36.0,998.5,1000.8,6.0,1.0,20.1,23.9,Yes,0,No
Sydney,2020-04-05,14.0,24.9,0.0,9.8,10.6,NNW,41.0,NW,WNW,19.0,17.0,54.0,33.0,1014.1,1011.1,3.0,1.0,18.6,24.2,No,0,No
Sydney,2020-04-06,14.1,24.9,0.0,,9.7,SSE,46.0,WNW,SE,13.0,22.0,60.0,63.0,1018.5,1017.2,2.0,5.0,19.3,21.9,No,0,Yes
Sydney,2020-04-07,15.2,21.7,4.8,11.6,5.8,SSE,35.0,S,SSE,11.0,17.0,82.0,65.0,1022.5,1020.8,7.0,7.0,17.9,20.4,Yes,0,Yes
Sydney,2020-04-08,15.8,20.4,7.2,4.6,0.2,SSE,31.0,SE,S,11.0,17.0,83.0,69.0,1022.6,1022.1,8.0,7.0,17.8,20.1,Yes,0,No
Sydney,2020-04-09,16.3,22.2,0.0,1.2,2.4,SSE,28.0,WSW,SSW,13.0,9.0,83.0,74.0,1027.1,1024.6,6.0,6.0,18.6,20.7,No,0,Yes
Sydney,2020-04-10,17.6,23.3,1.2,2.0,3.1,WSW,59.0,N,N,13.0,13.0,94.0,69.0,1020.3,1012.2,8.0,2.0,18.4,23.0,Yes,0,Yes
Sydney,2020-04-11,13.7,26.5,3.4,3.4,10.6,W,80.0,WNW,W,19.0,41.0,61.0,33.0,1005.8,1000.2,2.0,2.0,19.6,25.3,Yes,0,No
Sydney,2020-04-12,11.9,22.6,0.0,7.6,10.9,W,37.0,W,ESE,22.0,17.0,49.0,46.0,1016.3,1015.4,1.0,1.0,15.3,21.3,No,0,No
Sydney,2020-04-13,11.2,22.6,0.0,4.8,8.8,ENE,24.0,WNW,ENE,15.0,19.0,75.0,57.0,1022.0,1019.7,5.0,6.0,15.6,21.6,No,0,No
Sydney,2020-04-14,12.9,24.5,0.0,,10.8,E,24.0,WNW,E,15.0,13.0,80.0,66.0,1025.1,1021.6,1.0,1.0,16.9,23.0,No,0,No
Sydney,2020-04-15,14.8,25.4,0.0,,10.5,E,22.0,WNW,ENE,11.0,19.0,82.0,63.0,1023.6,1018.4,5.0,3.0,18.8,23.6,No,0,No
Sydney,2020-04-16,17.7,25.7,0.0,12.8,0.5,NNW,37.0,NNW,NNW,7.0,20.0,62.0,52.0,1014.0,1009.3,7.0,7.0,22.1,24.7,No,0,No
Sydney,2020-04-17,17.2,27.9,0.0,5.2,10.2,W,35.0,W,SSW,20.0,17.0,51.0,21.0,1011.2,1008.8,2.0,1.0,21.1,27.3,No,0,No
Sydney,2020-04-18,13.0,24.9,0.0,6.8,,WSW,44.0,W,ESE,17.0,19.0,59.0,42.0,1013.8,1011.3,1.0,1.0,16.3,22.5,No,0,No
Sydney,2020-04-19,12.2,23.9,0.0,,7.8,WNW,22.0,WNW,ESE,19.0,13.0,76.0,60.0,1014.5,1013.1,3.0,3.0,16.3,23.3,No,0,No
Sydney,2020-04-20,13.6,19.4,0.0,8.0,0.1,W,28.0,W,NNW,11.0,15.0,84.0,57.0,1016.1,1012.4,7.0,7.0,16.3,19.0,No,0,No
Sydney,2020-04-21,13.9,25.4,0.0,1.8,10.2,ENE,30.0,WNW,ENE,11.0,20.0,66.0,59.0,1019.3,1014.7,2.0,2.0,18.4,23.1,No,0,No
Sydney,2020-04-22,13.9,26.3,0.0,5.6,10.2,W,39.0,W,E,19.0,15.0,66.0,35.0,1019.0,1016.5,1.0,5.0,18.7,25.8,No,0,No
Sydney,2020-04-23,12.9,26.2,0.0,,9.4,N,31.0,WNW,NE,22.0,17.0,68.0,47.0,1021.3,1016.0,3.0,1.0,16.4,24.5,No,0,No
Sydney,2020-04-24,16.4,28.4,0.0,10.6,9.9,WSW,31.0,W,WSW,11.0,13.0,61.0,32.0,1017.4,1015.8,1.0,1.0,20.4,27.4,No,0,No
Sydney,2020-04-25,14.2,25.8,0.0,4.0,10.3,NNE,37.0,WNW,NE,13.0,20.0,76.0,64.0,1022.1,1017.7,0.0,1.0,18.4,25.1,No,0,No
Sydney,2020-04-26,16.0,27.8,0.0,7.2,6.1,NW,41.0,NW,WNW,2.0,20.0,59.0,38.0,1015.2,1012.1,6.0,8.0,20.8,25.1,No,0,No
Sydney,2020-04-27,16.1,21.6,0.0,3.4,1.8,ENE,35.0,WNW,ENE,13.0,17.0,84.0,72.0,1024.0,1023.0,6.0,7.0,17.0,21.1,No,0,Yes
Sydney,2020-04-28,17.0,24.4,0.4,2.8,0.6,ENE,35.0,NE,NE,17.0,17.0,66.0,68.0,1024.7,1021.2,7.0,8.0,21.1,21.4,Yes,0,Yes
Sydney,2020-04-29,16.9,25.1,0.4,4.4,7.0,NNE,39.0,N,NE,6.0,17.0,86.0,75.0,1016.0,1011.8,5.0,7.0,19.8,23.3,Yes,0,Yes
Sydney,2020-04-30,19.1,21.1,0.2,5.6,0.0,WSW,59.0,NE,WSW,15.0,9.0,82.0,97.0,1006.5,1007.0,7.0,8.0,21.0,13.9,Yes,0,Yes
Sydney,2020-05-01,10.3,16.7,17.2,0.6,10.2,W,70.0,NW,NW,22.0,41.0,54.0,38.0,1009.0,1005.8,3.0,3.0,13.8,16.0,Yes,0,No
Sydney,2020-05-02,12.4,18.3,0.0,6.6,10.1,WNW,67.0,NW,WNW,33.0,35.0,47.0,35.0,1005.2,1002.8,3.0,1.0,14.9,18.2,No,0,No
Sydney,2020-05-03,10.8,19.6,0.0,7.2,10.2,W,43.0,W,SSW,28.0,17.0,54.0,39.0,1017.0,1018.3,1.0,1.0,13.8,19.0,No,0,No
Sydney,2020-05-04,9.5,19.4,0.0,4.0,9.4,SSW,39.0,W,S,22.0,20.0,71.0,53.0,1025.9,1024.9,1.0,4.0,13.4,17.3,No,0,Yes
Sydney,2020-05-05,11.7,20.9,11.4,3.8,7.5,SSW,35.0,W,S,20.0,15.0,93.0,66.0,1030.7,1028.9,6.0,2.0,14.3,20.5,Yes,0,No
Sydney,2020-05-06,11.0,24.1,0.0,2.0,10.0,W,22.0,WNW,NE,17.0,15.0,95.0,40.0,1029.9,1024.6,2.0,3.0,13.4,24.0,No,0,No
Sydney,2020-05-07,11.2,24.8,0.0,4.0,5.5,NNW,28.0,WNW,N,9.0,13.0,84.0,50.0,1022.8,1018.7,7.0,6.0,13.9,23.7,No,0,No
Sydney,2020-05-08,13.9,28.0,0.0,4.2,10.0,WNW,41.0,WNW,NNE,19.0,6.0,59.0,39.0,1018.6,1015.0,0.0,1.0,20.2,27.4,No,0,No
Sydney,2020-05-09,16.3,25.8,0.0,6.4,,W,48.0,NNW,N,28.0,28.0,54.0,43.0,1013.7,1008.8,3.0,6.0,20.7,25.2,No,0,No
Sydney,2020-05-10,11.3,19.3,0.0,5.3,9.8,W,56.0,W,SSW,35.0,11.0,47.0,29.0,1019.9,1019.8,1.0,1.0,13.2,19.1,No,0,No
Sydney,2020-05-11,8.0,19.4,0.0,5.2,9.7,W,37.0,W,SSE,24.0,17.0,58.0,39.0,1027.4,1026.0,1.0,1.0,11.6,18.7,No,0,No
Sydney,2020-05-12,8.5,21.9,0.0,3.0,9.7,W,28.0,W,NE,17.0,15.0,74.0,44.0,1027.7,1023.4,1.0,2.0,11.2,21.3,No,0,No
Sydney,2020-05-13,10.1,19.6,0.0,4.0,3.8,W,26.0,W,W,19.0,15.0,77.0,47.0,1023.4,1021.6,7.0,7.0,12.9,18.4,No,0,No
Sydney,2020-05-14,10.2,18.6,0.0,1.6,4.7,S,44.0,WNW,S,19.0,19.0,84.0,81.0,1027.3,1026.8,4.0,7.0,11.4,15.1,No,0,Yes
Sydney,2020-05-15,9.7,15.6,3.4,3.8,2.5,S,39.0,W,SSW,20.0,17.0,76.0,93.0,1029.8,1028.3,6.0,7.0,12.0,14.1,Yes,0,Yes
Sydney,2020-05-16,11.0,19.6,7.8,17.0,4.1,W,22.0,WNW,NNW,13.0,2.0,100.0,72.0,1032.0,1029.6,7.0,7.0,13.0,18.2,Yes,0,Yes
Sydney,2020-05-17,9.8,22.4,0.2,1.0,7.9,SE,24.0,WNW,SE,17.0,13.0,96.0,65.0,1031.5,1029.9,1.0,7.0,12.2,18.5,Yes,0,Yes
Sydney,2020-05-18,11.3,21.0,1.2,2.4,2.7,E,26.0,WNW,ENE,11.0,13.0,94.0,76.0,1033.7,1030.9,7.0,7.0,14.1,18.0,Yes,0,Yes
Sydney,2020-05-19,13.7,21.4,1.0,0.6,9.4,E,22.0,WNW,E,17.0,19.0,99.0,62.0,1030.2,1025.6,1.0,1.0,14.4,21.1,Yes,0,No
Sydney,2020-05-20,13.1,24.5,0.0,3.6,7.9,NNW,46.0,N,NNW,13.0,20.0,78.0,56.0,1019.8,1014.8,5.0,5.0,16.7,22.8,No,0,No
Sydney,2020-05-21,14.6,18.8,0.0,4.8,1.8,NW,57.0,WNW,E,4.0,4.0,85.0,86.0,1013.9,1009.9,7.0,3.0,16.2,17.7,No,0,Yes
Sydney,2020-05-22,8.9,15.9,25.2,4.8,0.5,SW,61.0,W,WSW,31.0,26.0,71.0,67.0,1010.3,1008.3,7.0,7.0,12.1,15.1,Yes,0,Yes
Sydney,2020-05-23,11.0,17.7,3.0,2.8,3.1,W,48.0,W,W,22.0,24.0,71.0,68.0,1007.2,1007.1,1.0,7.0,14.4,15.5,Yes,0,Yes
Sydney,2020-05-24,13.7,17.2,0.2,2.8,0.2,SW,76.0,SW,SSW,28.0,33.0,67.0,64.0,1011.5,1011.9,7.0,7.0,15.9,16.3,Yes,0,Yes
Sydney,2020-05-25,13.3,15.5,0.2,5.4,0.0,SSW,63.0,SW,SSW,30.0,30.0,83.0,82.0,1017.1,1016.6,7.0,7.0,13.8,15.2,Yes,0,Yes
Sydney,2020-05-26,13.5,20.0,53.4,2.6,3.5,SSW,46.0,SW,S,19.0,19.0,98.0,68.0,1022.4,1021.3,7.0,7.0,14.5,18.1,Yes,0,Yes
Sydney,2020-05-27,11.6,20.5,7.0,3.4,6.3,WNW,26.0,W,SSE,17.0,9.0,97.0,63.0,1022.9,1019.9,4.0,4.0,13.3,20.3,Yes,0,No
Sydney,2020-05-28,11.1,22.7,0.0,2.2,8.2,W,26.0,WNW,SSE,19.0,9.0,97.0,54.0,1021.7,1019.3,1.0,3.0,13.3,22.5,No,0,No
Sydney,2020-05-29,11.6,15.7,0.0,2.6,0.0,WNW,26.0,WNW,WNW,19.0,11.0,86.0,94.0,1027.3,1026.5,7.0,8.0,13.3,15.4,No,0,Yes
Sydney,2020-05-30,10.7,20.6,7.0,0.2,7.9,NNE,28.0,WNW,NE,11.0,15.0,100.0,64.0,1027.9,1023.6,1.0,1.0,13.0,20.1,Yes,0,No
Sydney,2020-05-31,12.8,22.3,0.0,3.2,4.0,N,39.0,N,N,17.0,15.0,76.0,51.0,1019.2,1015.6,7.0,2.0,16.9,21.7,No,0,No
Sydney,2020-06-01,14.4,22.6,0.0,2.8,7.6,NNW,61.0,N,NNW,22.0,37.0,58.0,35.0,1009.3,1005.5,3.0,5.0,17.9,21.6,No,0,Yes
Sydney,2020-06-02,7.8,14.9,4.8,6.8,0.8,WSW,56.0,NW,W,13.0,19.0,91.0,55.0,1014.3,1014.5,7.0,7.0,8.1,14.8,Yes,0,Yes
Sydney,2020-06-03,8.1,18.7,0.2,2.0,9.4,SW,44.0,W,S,24.0,26.0,64.0,43.0,1021.5,1023.8,1.0,1.0,13.7,17.3,Yes,0,No
Sydney,2020-06-04,10.1,17.0,0.0,3.8,6.0,W,37.0,W,SSW,22.0,19.0,63.0,54.0,1032.9,1030.8,5.0,5.0,11.3,16.5,No,0,No
Sydney,2020-06-05,7.1,19.4,0.0,2.4,9.8,W,24.0,WNW,E,15.0,13.0,84.0,61.0,1030.6,1025.6,1.0,1.0,9.3,18.6,No,0,No
Sydney,2020-06-06,7.4,19.7,0.0,2.4,9.8,W,28.0,WNW,E,19.0,4.0,77.0,54.0,1026.1,1022.2,1.0,2.0,9.4,17.7,No,0,No
Sydney,2020-06-07,8.3,17.2,0.0,2.6,1.9,S,33.0,WNW,S,17.0,17.0,91.0,77.0,1023.3,1021.8,7.0,8.0,9.5,14.7,No,0,Yes
Sydney,2020-06-08,9.2,17.3,19.8,2.0,6.8,SW,43.0,W,SSW,22.0,24.0,86.0,69.0,1028.4,1028.0,1.0,6.0,10.9,15.8,Yes,0,Yes
Sydney,2020-06-09,10.7,19.8,4.8,3.4,4.8,SSW,26.0,WNW,SSE,13.0,13.0,100.0,75.0,1033.2,1031.3,3.0,5.0,11.9,19.6,Yes,0,Yes
Sydney,2020-06-10,11.9,16.1,6.2,1.0,0.0,ENE,37.0,W,NE,11.0,6.0,100.0,98.0,1029.9,1026.0,7.0,8.0,13.7,15.9,Yes,0,Yes
Sydney,2020-06-11,13.4,,7.2,1.4,7.5,SSE,41.0,WNW,SSE,19.0,26.0,98.0,,1023.7,1022.3,1.0,3.0,13.9,,Yes,0,No
Sydney,2020-06-12,11.9,16.2,,2.0,0.3,WNW,28.0,WNW,W,15.0,15.0,96.0,97.0,1026.3,1024.3,8.0,8.0,13.8,14.5,No,0,Yes
Sydney,2020-06-13,11.1,19.8,6.0,2.0,4.3,E,22.0,WNW,ENE,13.0,11.0,100.0,84.0,1023.5,1018.9,6.0,7.0,12.6,18.1,Yes,0,Yes
Sydney,2020-06-14,12.6,21.8,10.0,0.8,6.3,WNW,41.0,NNW,W,9.0,20.0,98.0,36.0,1014.0,1014.4,7.0,1.0,14.4,21.2,Yes,0,No
Sydney,2020-06-15,8.8,20.6,0.0,3.0,9.8,W,30.0,WNW,WNW,15.0,19.0,72.0,51.0,1023.6,1021.0,1.0,1.0,11.8,20.1,No,0,No
Sydney,2020-06-16,10.3,21.5,0.0,3.2,9.3,WNW,30.0,WNW,WNW,13.0,13.0,79.0,46.0,1024.2,1021.8,0.0,1.0,13.0,21.4,No,0,No
Sydney,2020-06-17,10.7,17.4,0.0,3.4,1.5,SSE,39.0,WNW,SE,20.0,24.0,76.0,72.0,1031.7,1032.7,6.0,8.0,12.8,16.7,No,0,Yes
Sydney,2020-06-18,11.8,19.9,3.2,1.2,4.7,SE,30.0,WNW,E,17.0,13.0,87.0,59.0,1038.3,1035.1,7.0,3.0,13.3,17.2,Yes,0,No
Sydney,2020-06-19,9.1,20.1,0.0,4.0,8.7,E,24.0,WNW,ENE,15.0,17.0,95.0,72.0,1032.6,1027.6,1.0,1.0,11.3,19.0,No,0,No
Sydney,2020-06-20,9.0,21.8,0.0,2.8,6.8,N,24.0,WNW,S,17.0,2.0,99.0,53.0,1024.9,1019.5,7.0,1.0,9.3,21.2,No,0,Yes
Sydney,2020-06-21,9.3,19.3,5.8,1.4,5.0,WSW,43.0,NW,W,9.0,9.0,95.0,66.0,1014.3,1008.8,8.0,1.0,11.7,18.7,Yes,0,Yes
Sydney,2020-06-22,9.1,17.8,0.6,2.0,4.3,W,39.0,W,WNW,17.0,19.0,79.0,57.0,1010.6,1008.6,7.0,5.0,10.4,14.7,Yes,0,No
Sydney,2020-06-23,7.8,17.4,0.0,2.0,8.6,W,44.0,W,W,13.0,28.0,69.0,43.0,1012.3,1011.1,3.0,3.0,10.8,17.0,No,0,No
Sydney,2020-06-24,7.8,18.8,0.0,3.6,5.4,SW,43.0,WNW,SW,20.0,22.0,72.0,54.0,1014.3,1013.6,3.0,7.0,11.1,17.5,No,0,No
Sydney,2020-06-25,9.5,19.7,0.0,2.2,9.3,W,41.0,W,W,26.0,26.0,77.0,46.0,1019.9,1018.1,0.0,1.0,11.5,18.7,No,0,No
Sydney,2020-06-26,8.5,19.3,0.0,3.0,8.7,WNW,33.0,W,SSE,19.0,15.0,72.0,48.0,1023.9,1022.6,1.0,2.0,10.8,18.3,No,0,Yes
Sydney,2020-06-27,9.5,16.6,1.2,2.6,2.7,S,33.0,NW,SSE,9.0,19.0,82.0,66.0,1027.9,1026.3,7.0,7.0,10.7,15.2,Yes,0,Yes
Sydney,2020-06-28,9.1,16.2,0.2,2.4,2.0,SSE,41.0,WNW,S,20.0,22.0,80.0,67.0,1028.3,1026.3,5.0,7.0,9.8,14.9,Yes,0,Yes
Sydney,2020-06-29,9.5,16.8,8.4,2.6,1.7,W,26.0,WNW,SSE,17.0,13.0,99.0,78.0,1028.1,1026.1,7.0,7.0,11.8,14.7,Yes,0,Yes
Sydney,2020-06-30,8.5,18.8,1.8,0.8,8.0,ENE,24.0,W,ENE,13.0,13.0,100.0,74.0,1026.9,1022.1,2.0,5.0,9.7,18.6,Yes,0,No
Sydney,2020-07-01,7.9,22.8,0.0,1.4,8.9,W,28.0,W,E,22.0,6.0,87.0,44.0,1022.1,1017.8,1.0,1.0,11.2,21.4,No,0,No
Sydney,2020-07-02,11.2,22.9,,3.4,9.2,NNW,54.0,NNW,NNW,22.0,35.0,58.0,46.0,1016.1,1013.2,1.0,3.0,17.6,21.3,No,0,No
Sydney,2020-07-03,10.4,18.7,0.0,3.6,8.2,W,37.0,WNW,W,11.0,19.0,64.0,40.0,1020.8,1017.8,1.0,2.0,12.9,18.5,No,0,Yes
Sydney,2020-07-04,8.7,17.1,1.6,3.8,7.6,W,52.0,W,SW,17.0,2.0,88.0,40.0,1019.7,1018.6,6.0,1.0,9.3,16.0,Yes,0,Yes
Sydney,2020-07-05,8.5,19.1,0.2,3.4,8.6,W,39.0,W,SSE,20.0,13.0,67.0,43.0,1022.1,1021.1,1.0,2.0,11.2,17.4,Yes,0,No
Sydney,2020-07-06,7.8,19.3,0.0,2.4,9.2,W,31.0,W,SSE,24.0,9.0,79.0,50.0,1028.0,1026.0,1.0,1.0,10.3,18.9,No,0,No
Sydney,2020-07-07,10.2,16.9,0.0,3.0,3.5,S,37.0,WNW,SW,19.0,11.0,76.0,60.0,1030.4,1028.8,2.0,5.0,11.1,15.5,No,0,Yes
Sydney,2020-07-08,10.9,17.6,11.2,1.2,0.7,W,20.0,W,ESE,13.0,2.0,99.0,79.0,1031.5,1029.3,7.0,7.0,11.7,14.2,Yes,0,No
Sydney,2020-07-09,8.5,17.9,0.0,0.8,8.8,WNW,22.0,WNW,ENE,19.0,19.0,99.0,78.0,1031.5,1027.7,1.0,2.0,10.2,17.0,No,0,No
Sydney,2020-07-10,10.1,17.7,0.0,2.8,2.4,WNW,20.0,W,WNW,17.0,7.0,99.0,76.0,1027.2,1023.6,7.0,7.0,11.1,16.5,No,0,Yes
Sydney,2020-07-11,11.1,15.9,4.8,0.0,0.5,WNW,19.0,WNW,WNW,7.0,6.0,98.0,88.0,1018.1,1013.9,8.0,7.0,12.6,15.7,Yes,0,Yes
Sydney,2020-07-12,9.3,18.8,0.6,1.6,6.3,N,43.0,W,ENE,20.0,9.0,99.0,70.0,1016.4,1014.8,1.0,5.0,10.5,15.4,Yes,0,Yes
Sydney,2020-07-13,8.5,18.4,4.6,2.4,8.1,W,33.0,WNW,SW,20.0,11.0,98.0,58.0,1018.7,1016.5,3.0,4.0,10.3,16.9,Yes,0,Yes
Sydney,2020-07-14,10.3,15.9,19.4,1.2,3.3,SSE,74.0,S,S,30.0,30.0,82.0,76.0,1016.3,1016.6,7.0,4.0,14.5,15.5,Yes,0,Yes
Sydney,2020-07-15,10.9,15.0,16.4,1.6,2.1,SW,59.0,W,SW,19.0,30.0,77.0,71.0,1018.3,1016.3,6.0,7.0,12.2,13.8,Yes,0,No
Sydney,2020-07-16,9.3,15.3,0.0,4.4,2.1,SSW,57.0,W,SW,26.0,24.0,63.0,72.0,1017.5,1016.2,4.0,7.0,11.3,13.9,No,0,Yes
Sydney,2020-07-17,10.8,15.1,0.2,3.8,0.2,SSW,48.0,W,SSW,24.0,20.0,72.0,70.0,1020.4,1020.1,7.0,7.0,11.9,14.9,Yes,0,Yes
Sydney,2020-07-18,9.5,18.1,1.2,1.2,3.1,WSW,24.0,WNW,E,17.0,7.0,79.0,59.0,1022.0,1019.5,7.0,7.0,12.6,17.6,Yes,0,No
Sydney,2020-07-19,7.6,20.7,0.0,,7.3,W,22.0,WNW,WNW,15.0,9.0,95.0,50.0,1018.1,1013.4,5.0,6.0,10.1,18.2,No,0,No
Sydney,2020-07-20,9.9,19.4,0.0,5.0,9.7,W,46.0,WSW,WSW,24.0,17.0,44.0,29.0,1018.9,1017.9,1.0,0.0,12.6,19.4,No,0,No
Sydney,2020-07-21,7.8,17.4,0.0,4.0,9.7,W,37.0,W,S,24.0,17.0,67.0,49.0,1026.8,1026.3,1.0,1.0,10.6,16.7,No,0,No
Sydney,2020-07-22,7.0,20.0,0.0,2.6,8.1,WNW,26.0,W,E,20.0,13.0,77.0,60.0,1027.8,1024.0,7.0,6.0,10.1,17.3,No,0,No
Sydney,2020-07-23,7.3,20.1,0.0,2.2,9.6,W,26.0,W,E,19.0,11.0,79.0,61.0,1026.4,1024.0,1.0,1.0,10.0,19.2,No,0,No
Sydney,2020-07-24,8.1,19.0,0.0,2.8,8.7,E,24.0,WNW,E,13.0,20.0,99.0,71.0,1027.9,1025.1,1.0,2.0,10.1,17.5,No,0,No
Sydney,2020-07-25,9.3,18.0,0.0,3.0,1.6,ENE,33.0,WNW,E,6.0,7.0,99.0,91.0,1026.1,1023.4,7.0,7.0,9.8,15.5,No,0,Yes
Sydney,2020-07-26,9.8,16.5,7.4,0.4,0.0,SSE,74.0,W,SSE,9.0,6.0,100.0,100.0,1018.6,1011.7,8.0,8.0,13.6,15.1,Yes,0,Yes
Sydney,2020-07-27,13.5,16.3,84.6,25.4,0.0,SW,56.0,W,SSW,24.0,22.0,100.0,93.0,997.6,998.7,8.0,8.0,15.5,14.5,Yes,0,Yes
Sydney,2020-07-28,12.3,18.4,53.2,1.0,4.2,SSW,54.0,SW,SSW,26.0,20.0,96.0,69.0,1007.7,1009.8,7.0,6.0,15.3,18.1,Yes,0,Yes
Sydney,2020-07-29,10.1,19.3,3.8,2.6,9.2,S,33.0,WNW,S,17.0,22.0,79.0,58.0,1017.0,1015.5,2.0,3.0,13.8,18.1,Yes,0,No
Sydney,2020-07-30,10.1,18.3,0.0,4.0,9.4,SSE,39.0,WNW,S,20.0,20.0,83.0,54.0,1023.7,1023.0,1.0,3.0,12.4,17.1,No,0,No
Sydney,2020-07-31,8.2,18.8,0.0,2.6,9.6,W,26.0,WNW,ESE,20.0,9.0,79.0,50.0,1029.1,1026.4,1.0,1.0,11.0,18.6,No,0,No
Sydney,2020-08-01,6.8,20.3,0.0,2.8,9.8,W,24.0,WNW,E,15.0,17.0,92.0,63.0,1027.1,1022.9,1.0,3.0,9.2,17.4,No,0,No
Sydney,2020-08-02,7.2,20.1,0.0,2.6,8.9,W,26.0,WNW,ESE,22.0,13.0,81.0,51.0,1025.5,1022.6,1.0,5.0,10.9,18.6,No,0,No
Sydney,2020-08-03,7.5,21.8,0.0,3.2,6.6,W,24.0,WNW,ESE,19.0,7.0,93.0,41.0,1020.3,1014.7,6.0,7.0,9.9,20.1,No,0,No
Sydney,2020-08-04,8.8,21.5,0.0,3.4,8.7,W,48.0,NW,NW,4.0,22.0,64.0,38.0,1011.8,1007.5,1.0,7.0,13.0,19.9,No,0,No
Sydney,2020-08-05,6.4,18.1,0.0,5.2,10.0,WSW,57.0,NW,WNW,24.0,24.0,49.0,26.0,1013.4,1011.2,1.0,1.0,10.3,17.8,No,0,No
Sydney,2020-08-06,6.7,17.6,0.0,4.0,9.9,W,43.0,W,SE,20.0,17.0,56.0,39.0,1019.1,1018.3,1.0,4.0,9.9,15.8,No,0,No
Sydney,2020-08-07,8.9,13.6,0.0,3.4,0.0,ESE,37.0,WNW,SE,17.0,13.0,87.0,97.0,1022.3,1018.4,8.0,8.0,11.7,12.2,No,0,Yes
Sydney,2020-08-08,11.2,15.8,28.6,1.6,1.0,W,41.0,W,W,20.0,9.0,100.0,88.0,1014.2,1010.6,7.0,7.0,12.4,14.3,Yes,0,Yes
Sydney,2020-08-09,8.5,14.7,6.0,2.6,1.6,NW,57.0,W,W,22.0,30.0,77.0,95.0,1011.7,1007.5,7.0,8.0,11.2,10.5,Yes,0,Yes
Sydney,2020-08-10,9.1,16.8,36.2,1.6,4.6,SSE,74.0,SSE,SSW,39.0,15.0,69.0,59.0,1015.7,1017.7,2.0,7.0,14.6,15.2,Yes,0,Yes
Sydney,2020-08-11,10.2,18.2,2.0,3.2,4.8,W,31.0,WNW,ESE,17.0,4.0,87.0,64.0,1021.7,1018.4,7.0,6.0,12.0,16.5,Yes,0,No
Sydney,2020-08-12,10.2,18.6,0.0,2.8,1.3,NNE,48.0,,N,,7.0,89.0,60.0,1016.9,1012.0,7.0,7.0,13.2,17.6,No,0,Yes
Sydney,2020-08-13,9.8,23.3,1.2,1.0,9.1,W,31.0,N,WNW,2.0,11.0,98.0,44.0,1014.5,1012.3,1.0,3.0,13.4,23.1,Yes,0,No
Sydney,2020-08-14,10.5,17.6,0.0,2.8,1.8,W,20.0,WNW,WNW,15.0,4.0,88.0,72.0,1016.0,1012.5,7.0,8.0,13.3,17.1,No,0,Yes
Sydney,2020-08-15,11.8,20.6,3.2,0.6,7.7,WSW,56.0,W,W,20.0,30.0,91.0,46.0,1007.5,1004.9,2.0,6.0,14.4,19.8,Yes,0,Yes
Sydney,2020-08-16,12.4,20.6,2.0,6.0,8.1,W,59.0,W,W,15.0,35.0,70.0,39.0,1007.1,1004.3,6.0,3.0,14.6,19.2,Yes,0,Yes
Sydney,2020-08-17,10.1,21.0,0.2,5.2,10.8,W,44.0,W,W,20.0,24.0,64.0,41.0,1008.9,1006.0,1.0,1.0,14.7,20.4,Yes,0,No
Sydney,2020-08-18,10.8,21.3,0.0,5.4,8.9,WNW,41.0,NW,W,15.0,19.0,62.0,46.0,1006.8,1001.7,6.0,6.0,14.6,19.6,No,0,No
Sydney,2020-08-19,11.1,21.4,0.0,4.0,9.7,W,83.0,N,NW,28.0,30.0,57.0,33.0,997.4,992.2,1.0,4.0,16.7,19.4,No,0,No
Sydney,2020-08-20,11.3,18.7,0.0,7.0,10.8,W,69.0,NW,WNW,26.0,39.0,49.0,37.0,1000.8,1002.1,1.0,1.0,14.1,17.7,No,0,No
Sydney,2020-08-21,9.7,18.4,0.0,5.4,9.6,NW,52.0,NW,WNW,17.0,31.0,56.0,41.0,1007.4,1003.8,1.0,7.0,14.5,17.6,No,0,No
Sydney,2020-08-22,9.3,15.8,0.0,6.6,10.3,NW,56.0,WNW,WNW,22.0,35.0,56.0,34.0,1004.4,1002.3,4.0,6.0,11.1,14.6,No,0,No
Sydney,2020-08-23,8.9,17.3,0.0,3.0,10.8,WNW,69.0,W,WSW,39.0,39.0,51.0,37.0,1007.2,1007.3,1.0,2.0,12.1,16.2,No,0,No
Sydney,2020-08-24,8.4,19.6,0.0,5.4,11.0,W,50.0,W,SE,28.0,17.0,48.0,37.0,1019.0,1018.7,0.0,1.0,11.7,18.0,No,0,No
Sydney,2020-08-25,6.2,18.9,0.0,4.0,10.7,W,33.0,W,SSE,22.0,19.0,56.0,55.0,1027.2,1026.1,1.0,1.0,10.7,14.7,No,0,No
Sydney,2020-08-26,6.2,20.1,0.0,3.8,10.8,W,28.0,WNW,E,20.0,20.0,67.0,51.0,1030.6,1026.7,1.0,0.0,10.6,17.3,No,0,No
Sydney,2020-08-27,6.6,22.4,0.0,3.0,10.8,NNW,28.0,WNW,E,20.0,13.0,68.0,22.0,1026.8,1020.7,1.0,1.0,10.7,22.1,No,0,No
Sydney,2020-08-28,10.7,19.6,0.0,7.4,10.7,SW,41.0,SW,SE,19.0,15.0,37.0,32.0,1024.1,1025.0,1.0,0.0,14.6,17.9,No,0,No
Sydney,2020-08-29,7.4,22.3,0.0,4.6,10.9,W,22.0,WNW,E,15.0,17.0,65.0,47.0,1030.7,1026.9,0.0,0.0,12.5,19.7,No,0,No
Sydney,2020-08-30,8.2,24.7,0.0,5.0,11.0,WNW,20.0,WNW,ESE,15.0,13.0,72.0,47.0,1025.4,1018.4,0.0,0.0,12.5,24.1,No,0,No
Sydney,2020-08-31,12.5,22.6,0.0,6.8,9.2,SSE,57.0,NW,SSE,13.0,37.0,56.0,,1018.0,1018.1,1.0,1.0,18.9,,No,0,No
Sydney,2020-09-01,10.4,19.6,0.0,5.2,9.1,SSE,31.0,WNW,ENE,11.0,17.0,63.0,48.0,1025.3,1021.7,3.0,3.0,15.0,19.1,No,0,No
Sydney,2020-09-02,9.4,24.1,0.0,4.6,7.3,NNW,39.0,W,N,9.0,19.0,72.0,36.0,1021.3,1016.0,7.0,7.0,13.8,23.5,No,0,No
Sydney,2020-09-03,13.8,30.5,0.0,6.4,9.3,NNW,59.0,NNW,NNW,28.0,26.0,38.0,30.0,1016.4,1012.6,1.0,7.0,23.8,28.6,No,0,No
Sydney,2020-09-04,18.4,20.7,0.0,9.0,0.0,WNW,28.0,W,SSE,11.0,4.0,53.0,83.0,1017.8,1014.1,7.0,7.0,20.7,17.4,No,0,Yes
Sydney,2020-09-05,12.9,22.3,6.4,0.8,9.8,W,41.0,W,ESE,19.0,17.0,69.0,34.0,1017.2,1016.8,0.0,2.0,16.2,21.6,Yes,0,Yes
Sydney,2020-09-06,10.5,21.2,0.2,4.6,9.5,ENE,28.0,WNW,ENE,11.0,19.0,79.0,56.0,1028.8,1027.4,2.0,3.0,15.5,19.9,Yes,0,Yes
Sydney,2020-09-07,11.3,22.7,0.2,4.8,10.6,NE,39.0,W,NE,9.0,22.0,76.0,58.0,1032.0,1029.2,1.0,0.0,16.2,21.1,Yes,0,No
Sydney,2020-09-08,11.3,23.5,0.0,6.4,9.6,NNE,33.0,W,NE,4.0,17.0,73.0,59.0,1030.0,1024.7,7.0,7.0,16.2,22.1,No,0,No
Sydney,2020-09-09,14.9,16.1,0.0,5.8,0.0,SSW,57.0,SSE,SSW,26.0,9.0,89.0,89.0,1028.3,1026.9,8.0,8.0,15.2,14.2,No,0,No
Sydney,2020-09-10,12.2,19.4,,4.4,9.1,ESE,44.0,ESE,SE,22.0,28.0,62.0,48.0,1029.6,1028.2,5.0,3.0,16.1,17.8,No,0,Yes
Sydney,2020-09-11,12.7,20.7,0.2,5.8,7.8,ESE,28.0,WNW,ENE,9.0,20.0,78.0,57.0,1031.9,1028.7,6.0,2.0,16.3,20.3,Yes,0,No
Sydney,2020-09-12,10.9,22.7,,5.2,10.7,NE,41.0,NNW,NE,20.0,22.0,66.0,54.0,1028.1,1023.7,1.0,1.0,17.2,21.8,No,0,No
Sydney,2020-09-13,11.7,25.6,0.0,7.4,4.7,W,50.0,W,WNW,13.0,24.0,67.0,34.0,1023.4,1020.4,7.0,7.0,17.1,24.0,No,0,No
Sydney,2020-09-14,12.1,22.1,0.0,1.8,10.8,ESE,30.0,SSW,ESE,7.0,20.0,68.0,66.0,1025.3,1023.9,1.0,3.0,18.8,20.3,No,0,No
Sydney,2020-09-15,14.9,22.9,0.0,5.0,6.4,NE,39.0,NE,NE,13.0,22.0,78.0,62.0,1029.2,1025.1,8.0,1.0,18.9,21.9,No,0,No
Sydney,2020-09-16,14.0,24.2,0.0,4.8,10.8,NE,41.0,E,NE,6.0,24.0,80.0,62.0,1024.5,1018.3,0.0,3.0,18.8,23.6,No,0,No
Sydney,2020-09-17,16.0,31.7,0.0,7.0,9.8,S,76.0,W,NW,13.0,9.0,58.0,31.0,1022.2,1018.6,6.0,7.0,21.5,30.9,No,0,No
Sydney,2020-09-18,14.7,18.2,0.0,6.6,0.0,S,33.0,S,SE,11.0,7.0,84.0,80.0,1032.2,1029.3,7.0,8.0,16.4,17.8,No,0,Yes
Sydney,2020-09-19,15.3,23.0,4.4,0.2,4.6,NE,48.0,WNW,E,6.0,24.0,96.0,81.0,1027.6,1022.3,7.0,7.0,17.5,21.2,Yes,0,Yes
Sydney,2020-09-20,16.2,23.5,2.4,5.8,4.9,NNE,43.0,NNE,NNE,9.0,26.0,94.0,75.0,1016.7,1011.1,8.0,3.0,16.2,21.2,Yes,0,Yes
Sydney,2020-09-21,15.5,29.2,7.8,2.0,9.5,N,37.0,N,NE,20.0,26.0,70.0,64.0,1011.5,1006.5,1.0,6.0,23.5,25.4,Yes,0,No
Sydney,2020-09-22,19.3,26.7,0.0,6.8,10.9,WNW,54.0,WSW,WNW,24.0,28.0,37.0,22.0,1010.4,1007.9,1.0,1.0,21.8,26.4,No,0,No
Sydney,2020-09-23,14.0,24.2,0.0,9.4,10.1,NW,46.0,W,W,7.0,26.0,39.0,28.0,1012.4,1009.3,1.0,3.0,20.3,23.1,No,0,No
Sydney,2020-09-24,12.3,21.9,0.0,6.0,10.9,W,52.0,WNW,W,26.0,26.0,41.0,26.0,1013.8,1010.8,1.0,2.0,17.0,21.8,No,0,No
Sydney,2020-09-25,12.9,24.3,0.0,7.8,9.1,WSW,106.0,N,NNW,28.0,33.0,40.0,27.0,1007.1,999.0,1.0,7.0,19.3,22.6,No,0,Yes
Sydney,2020-09-26,10.0,18.0,1.4,9.2,11.3,W,69.0,W,W,43.0,33.0,38.0,31.0,1009.3,1010.6,3.0,1.0,13.3,17.1,Yes,0,No
Sydney,2020-09-27,10.6,18.9,0.0,7.2,10.3,W,46.0,W,SSE,24.0,28.0,46.0,47.0,1021.3,1022.2,1.0,2.0,14.8,16.4,No,0,No
Sydney,2020-09-28,8.8,20.2,0.0,7.6,10.7,E,30.0,WNW,E,11.0,20.0,58.0,53.0,1028.1,1024.2,1.0,1.0,15.2,19.3,No,0,No
Sydney,2020-09-29,13.2,21.1,0.0,7.6,6.9,E,28.0,ENE,E,6.0,19.0,60.0,52.0,1027.8,1023.0,7.0,1.0,18.0,18.8,No,0,No
Sydney,2020-09-30,11.8,20.8,0.0,5.4,1.4,NNW,30.0,NNE,NE,20.0,13.0,64.0,68.0,1019.8,1013.8,7.0,8.0,18.2,18.6,No,0,Yes
Sydney,2020-10-01,14.4,25.5,2.6,3.8,9.2,E,39.0,WNW,ENE,6.0,19.0,70.0,57.0,1014.8,1014.5,1.0,1.0,19.2,22.0,Yes,0,Yes
Sydney,2020-10-02,11.6,24.7,0.2,3.8,11.3,N,31.0,WNW,ENE,13.0,15.0,75.0,54.0,1024.5,1021.9,0.0,0.0,18.1,23.2,Yes,0,No
Sydney,2020-10-03,12.9,25.2,0.0,7.2,11.2,NNE,48.0,WNW,NE,11.0,24.0,61.0,56.0,1026.8,1021.5,0.0,0.0,20.2,24.9,No,0,No
Sydney,2020-10-04,15.8,24.8,0.0,7.6,11.1,NNE,52.0,E,E,4.0,24.0,91.0,65.0,1021.4,1017.2,4.0,1.0,17.5,23.8,No,0,No
Sydney,2020-10-05,17.2,33.7,0.0,8.8,11.4,S,70.0,N,ENE,22.0,13.0,47.0,37.0,1017.2,1013.6,1.0,1.0,23.5,30.4,No,0,No
Sydney,2020-10-06,15.2,19.8,0.0,10.0,0.0,SSW,54.0,SSW,S,17.0,22.0,88.0,77.0,1022.3,1021.0,7.0,8.0,16.3,18.8,No,0,No
Sydney,2020-10-07,16.2,21.5,0.0,2.0,0.0,SW,24.0,SW,ESE,7.0,15.0,91.0,91.0,1020.8,1018.5,8.0,8.0,17.8,18.9,No,0,Yes
Sydney,2020-10-08,17.1,29.4,0.4,2.2,9.4,NNW,54.0,N,ESE,6.0,6.0,86.0,65.0,1011.8,1008.4,7.0,6.0,20.2,24.7,Yes,0,Yes
Sydney,2020-10-09,14.3,23.5,1.0,7.0,11.3,W,56.0,W,WNW,17.0,24.0,54.0,32.0,1014.6,1012.6,2.0,2.0,17.0,22.5,Yes,0,No
Sydney,2020-10-10,13.9,26.0,0.0,8.0,11.8,W,41.0,W,E,26.0,24.0,52.0,35.0,1019.4,1016.5,0.0,1.0,16.6,23.4,No,0,No
Sydney,2020-10-11,13.4,28.2,0.0,8.6,9.1,NE,37.0,WNW,NE,7.0,20.0,58.0,35.0,1021.6,1018.2,2.0,6.0,17.7,26.6,No,0,No
Sydney,2020-10-12,17.0,25.3,0.0,7.2,8.5,SSE,37.0,WNW,ESE,11.0,19.0,85.0,60.0,1024.3,1021.0,6.0,3.0,19.2,24.0,No,0,No
Sydney,2020-10-13,14.8,28.8,0.0,7.6,11.9,S,48.0,WNW,E,11.0,15.0,86.0,45.0,1022.5,1020.2,0.0,1.0,17.8,26.5,No,0,No
Sydney,2020-10-14,16.7,23.5,0.0,7.8,11.2,S,39.0,SSE,ESE,24.0,19.0,73.0,61.0,1027.6,1025.0,5.0,7.0,18.7,21.9,No,0,No
Sydney,2020-10-15,15.0,25.8,0.0,5.0,10.2,ENE,44.0,N,NE,11.0,22.0,79.0,57.0,1021.0,1014.7,3.0,1.0,19.5,24.6,No,0,No
Sydney,2020-10-16,18.1,19.7,0.0,8.6,0.5,SSW,59.0,SSW,SSE,30.0,24.0,81.0,71.0,1018.8,1019.6,7.0,7.0,18.2,18.7,No,0,No
Sydney,2020-10-17,15.6,26.3,0.0,3.4,4.7,NE,48.0,NE,NE,15.0,26.0,83.0,65.0,1014.6,1008.3,8.0,7.0,19.5,25.3,No,0,Yes
Sydney,2020-10-18,18.0,26.2,1.8,5.8,4.0,SE,46.0,,ESE,,22.0,80.0,54.0,1010.3,1010.0,7.0,7.0,19.9,23.2,Yes,0,Yes
Sydney,2020-10-19,15.1,21.3,3.0,4.4,6.0,SE,33.0,S,SE,15.0,20.0,90.0,67.0,1017.3,1016.8,6.0,2.0,16.0,19.4,Yes,0,No
Sydney,2020-10-20,16.0,22.2,0.0,7.2,4.7,E,33.0,NNE,E,6.0,17.0,82.0,70.0,1019.6,1017.9,7.0,4.0,17.4,20.5,No,0,Yes
Sydney,2020-10-21,14.6,24.6,0.4,3.0,11.9,NE,46.0,NNE,NE,13.0,24.0,75.0,58.0,1017.7,1014.2,2.0,1.0,18.6,24.1,Yes,0,No
Sydney,2020-10-22,16.0,26.3,0.0,8.0,7.5,NE,37.0,SE,ESE,7.0,15.0,83.0,59.0,1015.8,1013.9,7.0,6.0,19.4,24.1,No,0,No
Sydney,2020-10-23,18.1,25.7,0.0,2.8,9.9,NE,50.0,E,ENE,13.0,22.0,87.0,70.0,1014.4,1010.0,4.0,7.0,20.2,24.1,No,0,Yes
Sydney,2020-10-24,18.8,26.0,3.2,9.6,0.6,SSW,54.0,NNE,N,9.0,7.0,94.0,90.0,1005.9,1003.0,7.0,8.0,21.3,21.9,Yes,0,Yes
Sydney,2020-10-25,14.0,15.2,19.0,6.4,0.0,S,63.0,S,SSW,28.0,26.0,88.0,94.0,1013.1,1014.0,8.0,8.0,14.0,13.1,Yes,0,Yes
Sydney,2020-10-26,12.5,16.6,43.2,2.6,0.0,SSE,76.0,SSE,S,43.0,33.0,82.0,96.0,1017.6,1017.5,8.0,8.0,15.2,14.6,Yes,0,Yes
Sydney,2020-10-27,13.9,20.5,12.4,3.4,5.0,S,52.0,S,SSW,24.0,22.0,78.0,67.0,1020.4,1018.6,8.0,7.0,16.4,19.6,Yes,0,Yes
Sydney,2020-10-28,13.5,20.0,0.2,4.2,3.5,SSE,31.0,W,SSE,17.0,17.0,80.0,75.0,1020.1,1016.2,7.0,6.0,16.4,18.9,Yes,0,Yes
Sydney,2020-10-29,14.8,22.6,18.4,4.8,7.9,SW,35.0,SW,SE,11.0,19.0,91.0,59.0,1013.8,1010.4,8.0,2.0,16.4,21.1,Yes,0,No
Sydney,2020-10-30,12.8,24.7,0.0,4.0,10.4,ESE,30.0,WNW,ESE,11.0,19.0,87.0,64.0,1011.4,1010.1,3.0,5.0,17.1,22.2,No,0,Yes
Sydney,2020-10-31,16.9,,2.6,7.2,,nan,,ESE,S,6.0,24.0,99.0,78.0,1006.6,1007.7,7.0,7.0,17.8,18.9,Yes,0,Yes
Sydney,2020-11-01,14.5,19.7,14.8,2.2,1.4,SW,54.0,W,SSW,13.0,31.0,88.0,91.0,1014.4,1018.0,7.0,8.0,16.8,16.6,Yes,0,Yes
Sydney,2020-11-02,13.8,22.2,19.0,3.0,10.1,SSE,43.0,SSE,SSE,28.0,20.0,65.0,61.0,1027.1,1026.6,5.0,4.0,19.7,21.5,Yes,0,Yes
Sydney,2020-11-03,13.2,23.9,0.2,5.8,12.8,E,26.0,WNW,ESE,9.0,17.0,80.0,54.0,1026.8,1023.4,2.0,1.0,17.8,22.7,Yes,0,No
Sydney,2020-11-04,13.7,24.7,0.0,7.4,10.8,NNE,39.0,N,NE,15.0,17.0,72.0,62.0,1017.7,1011.2,6.0,4.0,18.1,23.5,No,0,Yes
Sydney,2020-11-05,15.5,15.6,2.8,7.2,0.0,S,65.0,S,SSW,30.0,30.0,95.0,90.0,1009.8,1010.4,8.0,8.0,15.6,14.4,Yes,0,Yes
Sydney,2020-11-06,12.4,21.6,23.0,4.0,9.0,SSW,50.0,SSW,SSE,13.0,24.0,82.0,49.0,1018.5,1016.8,5.0,4.0,13.9,20.9,Yes,0,No
Sydney,2020-11-07,12.6,20.7,0.0,7.0,8.2,SSE,54.0,WNW,S,9.0,33.0,78.0,54.0,1020.6,1022.5,4.0,3.0,17.4,19.3,No,0,Yes
Sydney,2020-11-08,14.7,21.1,1.2,7.4,11.5,SE,39.0,SSW,ESE,17.0,20.0,58.0,56.0,1029.1,1027.8,4.0,4.0,17.0,21.0,Yes,0,Yes
Sydney,2020-11-09,13.9,22.6,0.2,6.4,6.4,ENE,28.0,WNW,E,13.0,17.0,77.0,52.0,1028.4,1025.2,7.0,3.0,17.0,21.6,Yes,0,No
Sydney,2020-11-10,13.5,23.3,0.0,5.6,10.6,E,35.0,WNW,E,9.0,26.0,74.0,56.0,1025.1,1020.5,6.0,1.0,17.5,23.0,No,0,No
Sydney,2020-11-11,14.4,25.4,0.0,7.8,12.3,NNE,48.0,ESE,NE,6.0,20.0,85.0,71.0,1019.5,1015.1,3.0,2.0,19.4,23.8,No,0,No
Sydney,2020-11-12,17.6,28.6,0.0,8.0,10.8,NNE,46.0,E,NE,7.0,20.0,81.0,65.0,1010.6,1006.7,7.0,6.0,21.4,25.7,No,0,Yes
Sydney,2020-11-13,19.0,30.4,3.2,8.4,7.5,W,76.0,NNE,E,9.0,20.0,83.0,40.0,1005.0,1000.5,7.0,5.0,21.4,29.3,Yes,0,No
Sydney,2020-11-14,16.8,26.7,0.0,5.6,12.5,W,28.0,W,E,20.0,20.0,61.0,65.0,1009.3,1008.6,1.0,2.0,21.2,24.8,No,0,No
Sydney,2020-11-15,16.5,25.7,0.0,7.8,12.7,NNE,33.0,ESE,E,7.0,22.0,80.0,70.0,1016.1,1013.9,0.0,0.0,20.5,25.1,No,0,No
Sydney,2020-11-16,18.9,36.5,0.0,10.2,8.6,S,57.0,ESE,E,9.0,22.0,71.0,57.0,1011.7,1007.4,6.0,7.0,24.2,29.4,No,0,No
Sydney,2020-11-17,18.4,25.0,0.0,11.0,6.1,SSW,56.0,SE,E,20.0,24.0,66.0,59.0,1019.6,1019.7,7.0,7.0,21.0,22.5,No,0,Yes
Sydney,2020-11-18,16.6,25.4,0.4,5.0,9.4,ENE,37.0,ENE,ENE,13.0,20.0,73.0,57.0,1025.1,1022.5,7.0,1.0,19.7,24.1,Yes,0,No
Sydney,2020-11-19,15.8,26.7,0.0,7.4,12.1,NE,52.0,NE,NE,19.0,31.0,73.0,58.0,1023.2,1019.5,3.0,3.0,22.0,26.4,No,0,No
Sydney,2020-11-20,18.2,27.8,0.0,7.4,11.6,S,56.0,E,E,17.0,13.0,77.0,64.0,1017.5,1013.5,1.0,4.0,23.3,27.5,No,0,No
Sydney,2020-11-21,18.5,25.6,0.0,11.8,7.4,SSW,48.0,SSW,SE,19.0,19.0,74.0,58.0,1022.9,1020.0,7.0,6.0,20.2,24.8,No,0,No
Sydney,2020-11-22,17.8,25.6,0.0,7.8,4.8,E,28.0,ESE,NE,11.0,7.0,75.0,81.0,1017.5,1013.6,3.0,7.0,22.4,23.0,No,0,Yes
Sydney,2020-11-23,20.7,25.5,2.6,4.4,0.2,WSW,57.0,W,NW,7.0,19.0,94.0,69.0,1008.2,1004.6,7.0,7.0,22.0,23.1,Yes,0,Yes
Sydney,2020-11-24,18.0,24.6,1.6,4.8,10.0,SSW,48.0,S,SE,24.0,26.0,72.0,53.0,1011.7,1011.3,5.0,2.0,20.1,23.5,Yes,0,No
Sydney,2020-11-25,17.7,25.0,0.0,6.2,6.6,NNE,35.0,E,E,9.0,24.0,74.0,62.0,1015.3,1012.8,7.0,2.0,21.1,24.2,No,0,No
Sydney,2020-11-26,17.3,28.3,0.0,7.6,6.6,S,54.0,WNW,ENE,6.0,17.0,69.0,59.0,1012.1,1009.6,0.0,1.0,22.2,27.5,No,0,No
Sydney,2020-11-27,18.6,27.1,0.0,5.8,8.2,NNE,44.0,SSW,E,9.0,22.0,72.0,70.0,1019.4,1014.2,7.0,2.0,20.5,23.7,No,0,No
Sydney,2020-11-28,20.1,40.8,0.0,7.6,11.3,NNW,52.0,SSE,NNW,6.0,28.0,74.0,20.0,1009.4,1004.8,6.0,5.0,27.1,40.8,No,0,No
Sydney,2020-11-29,25.3,40.5,0.0,19.4,6.9,WNW,85.0,NW,WNW,22.0,48.0,38.0,22.0,1000.4,998.3,7.0,7.0,31.2,38.4,No,0,No
Sydney,2020-11-30,18.7,27.3,0.0,16.0,2.1,SSE,39.0,SSE,ENE,13.0,20.0,64.0,59.0,1018.2,1016.4,7.0,7.0,20.7,23.4,No,0,No
Sydney,2020-12-01,19.3,28.4,0.0,6.4,7.0,WSW,56.0,NNE,ENE,17.0,35.0,81.0,64.0,1013.3,1006.9,7.0,0.0,21.3,27.3,No,0,Yes
Sydney,2020-12-02,19.0,24.0,6.8,9.4,2.8,SSW,56.0,SSE,ESE,30.0,22.0,74.0,70.0,1018.8,1019.7,7.0,7.0,21.6,21.2,Yes,0,Yes
Sydney,2020-12-03,17.2,23.0,0.6,5.4,0.0,NE,37.0,ENE,NE,15.0,20.0,71.0,78.0,1022.7,1019.5,8.0,8.0,20.5,20.7,Yes,0,No
Sydney,2020-12-04,18.6,30.0,0.0,4.0,12.8,SSE,35.0,NW,E,6.0,13.0,80.0,64.0,1015.1,1010.8,0.0,1.0,23.0,25.5,No,0,No
Sydney,2020-12-05,19.5,25.1,0.0,10.0,0.0,NNE,43.0,ENE,ENE,13.0,13.0,78.0,73.0,1013.1,1006.2,7.0,8.0,21.0,23.6,No,0,Yes
Sydney,2020-12-06,20.9,30.7,6.2,1.8,13.4,W,56.0,WNW,W,20.0,31.0,48.0,22.0,1002.0,1000.8,1.0,1.0,23.8,29.7,Yes,0,No
Sydney,2020-12-07,18.0,30.8,0.0,14.0,12.3,W,50.0,NNW,W,24.0,24.0,36.0,23.0,1005.3,1002.5,1.0,1.0,23.8,29.7,No,0,No
Sydney,2020-12-08,15.6,24.5,0.0,13.2,13.3,SW,63.0,SSW,SE,17.0,24.0,44.0,40.0,1012.9,1014.0,1.0,1.0,18.4,22.2,No,0,No
Sydney,2020-12-09,14.4,26.7,0.0,9.2,13.1,ENE,39.0,W,E,15.0,28.0,59.0,49.0,1020.1,1016.8,1.0,1.0,19.9,24.6,No,0,No
Sydney,2020-12-10,16.9,27.3,0.0,12.0,9.0,S,65.0,,S,,41.0,69.0,65.0,1017.7,1019.4,3.0,5.0,21.2,24.1,No,0,No
Sydney,2020-12-11,17.0,23.9,0.0,11.6,5.1,SE,50.0,SSE,SE,24.0,22.0,52.0,48.0,1028.7,1028.0,6.0,7.0,19.7,21.5,No,0,Yes
Sydney,2020-12-12,15.5,25.1,1.6,8.2,7.1,ESE,43.0,ESE,SE,24.0,26.0,52.0,51.0,1030.5,1028.7,7.0,6.0,20.6,24.7,Yes,0,Yes
Sydney,2020-12-13,16.0,27.5,1.6,9.6,9.0,E,44.0,ESE,ENE,13.0,20.0,67.0,53.0,1026.0,1023.7,4.0,5.0,21.4,27.0,Yes,0,Yes
Sydney,2020-12-14,18.1,24.8,3.6,9.2,0.3,ENE,39.0,E,E,9.0,9.0,80.0,74.0,1021.1,1019.3,8.0,7.0,21.6,23.9,Yes,0,Yes
Sydney,2020-12-15,18.7,24.8,11.6,1.4,1.1,E,48.0,ESE,E,17.0,19.0,100.0,92.0,1017.2,1014.4,8.0,7.0,20.7,22.5,Yes,0,Yes
Sydney,2020-12-16,20.6,27.7,12.2,3.6,4.1,NE,48.0,NE,NE,17.0,28.0,100.0,90.0,1012.2,1008.9,7.0,7.0,22.6,23.6,Yes,0,Yes
Sydney,2020-12-17,21.4,30.5,0.2,5.6,8.1,NNE,44.0,NE,NE,11.0,20.0,86.0,67.0,1006.7,1003.9,7.0,3.0,24.6,28.7,Yes,0,No
Sydney,2020-12-18,22.2,30.3,0.0,5.4,3.3,NW,46.0,ESE,NW,6.0,20.0,78.0,52.0,1005.1,1005.1,6.0,8.0,27.3,29.9,No,0,Yes
Sydney,2020-12-19,19.0,19.6,1.4,5.8,0.0,SSE,41.0,SSE,SE,15.0,13.0,79.0,90.0,1017.2,1017.4,8.0,8.0,19.5,19.0,Yes,0,Yes
Sydney,2020-12-20,18.0,23.7,7.0,1.4,1.8,SSW,26.0,SSW,E,13.0,13.0,99.0,82.0,1013.7,1011.7,8.0,6.0,19.0,23.4,Yes,0,Yes
Sydney,2020-12-21,18.8,24.5,1.6,3.0,0.8,ENE,31.0,E,ENE,4.0,19.0,92.0,94.0,1012.9,1009.8,8.0,8.0,21.4,21.9,Yes,0,Yes
Sydney,2020-12-22,17.7,27.6,26.2,2.0,1.8,W,54.0,W,W,11.0,28.0,99.0,50.0,1001.7,1002.6,7.0,7.0,19.7,26.3,Yes,0,No
Sydney,2020-12-23,16.2,26.3,0.0,8.8,12.2,SSE,52.0,W,SSE,26.0,39.0,55.0,49.0,1013.4,1015.1,1.0,6.0,20.7,25.6,No,0,No
Sydney,2020-12-24,17.2,26.9,0.0,7.0,11.6,NE,43.0,N,NE,11.0,26.0,75.0,59.0,1017.0,1013.0,7.0,6.0,21.8,25.6,No,0,Yes
Sydney,2020-12-25,18.0,21.9,0.6,10.2,1.2,S,44.0,SSE,SSE,22.0,26.0,88.0,67.0,1019.5,1019.9,7.0,7.0,18.7,21.1,Yes,0,Yes
Sydney,2020-12-26,17.5,25.8,0.8,4.2,2.5,ENE,46.0,W,ENE,4.0,30.0,92.0,62.0,1020.4,1017.0,7.0,4.0,19.8,24.8,Yes,0,Yes
Sydney,2020-12-27,17.3,27.4,3.6,6.6,11.7,NNE,37.0,WNW,E,17.0,22.0,93.0,68.0,1013.4,1008.9,1.0,2.0,19.4,25.6,Yes,0,No
Sydney,2020-12-28,19.3,30.3,0.0,7.4,4.2,SSE,54.0,SSW,SSE,20.0,30.0,65.0,71.0,1007.6,1009.7,7.0,7.0,26.2,21.8,No,0,Yes
Sydney,2020-12-29,16.9,20.8,14.0,6.0,0.0,SSW,44.0,SW,SSW,9.0,20.0,98.0,82.0,1015.1,1014.0,8.0,7.0,17.3,20.3,Yes,0,Yes
Sydney,2020-12-30,17.2,24.0,19.2,1.6,2.8,S,41.0,SSE,ESE,13.0,20.0,95.0,68.0,1018.8,1018.7,8.0,7.0,18.9,23.2,Yes,0,Yes
Sydney,2020-12-31,18.3,24.5,0.2,7.4,0.5,SSE,33.0,SSE,ESE,19.0,15.0,76.0,85.0,1020.2,1020.1,7.0,8.0,22.1,21.4,Yes,0,Yes
Sydney,2021-01-01,17.8,22.0,4.2,2.4,0.0,SSE,39.0,SSE,SSE,17.0,20.0,73.0,66.0,1021.8,1020.5,8.0,7.0,20.5,20.6,Yes,0,Yes
Sydney,2021-01-02,16.1,22.4,5.2,4.2,0.0,E,37.0,WSW,ESE,11.0,6.0,92.0,90.0,1016.8,1013.9,8.0,8.0,18.4,20.1,Yes,0,Yes
Sydney,2021-01-03,18.0,26.5,7.8,2.2,2.9,ENE,35.0,NE,NE,11.0,20.0,100.0,79.0,1009.6,1007.1,8.0,3.0,20.5,25.5,Yes,0,Yes
Sydney,2021-01-04,20.4,27.7,0.6,3.2,1.2,W,80.0,NW,E,4.0,9.0,92.0,77.0,1006.6,1004.3,8.0,7.0,22.3,25.7,Yes,0,Yes
Sydney,2021-01-05,19.3,28.0,13.0,2.8,10.4,SSE,41.0,WNW,E,11.0,19.0,88.0,72.0,1008.9,1007.3,6.0,4.0,22.1,25.2,Yes,0,Yes
Sydney,2021-01-06,19.8,25.4,1.6,6.4,3.2,SSE,54.0,SSW,SE,20.0,31.0,83.0,68.0,1014.6,1014.9,7.0,5.0,21.8,23.9,Yes,0,Yes
Sydney,2021-01-07,18.4,23.5,1.8,9.2,8.0,SSE,57.0,SSE,SE,24.0,20.0,60.0,72.0,1020.6,1021.0,5.0,6.0,21.9,21.2,Yes,0,Yes
Sydney,2021-01-08,17.6,22.7,5.4,7.2,3.5,SSE,52.0,SSE,SE,20.0,28.0,59.0,61.0,1023.6,1023.1,7.0,7.0,20.2,22.2,Yes,0,No
Sydney,2021-01-09,16.7,26.7,0.0,6.0,12.0,ESE,35.0,SE,ESE,20.0,17.0,66.0,54.0,1022.9,1021.4,4.0,1.0,21.7,26.5,No,0,No
Sydney,2021-01-10,17.0,27.8,0.0,5.6,13.4,E,31.0,W,E,11.0,24.0,81.0,58.0,1021.2,1019.2,1.0,1.0,20.9,27.2,No,0,No
Sydney,2021-01-11,18.2,28.6,0.0,11.8,13.1,NE,43.0,NNW,NE,4.0,22.0,77.0,55.0,1019.3,1016.4,3.0,1.0,21.5,28.1,No,0,No
Sydney,2021-01-12,18.8,29.3,0.0,9.0,12.6,NE,41.0,E,ENE,7.0,15.0,74.0,66.0,1015.4,1013.1,6.0,7.0,23.1,28.2,No,0,No
Sydney,2021-01-13,20.9,29.8,0.0,10.0,12.6,NE,44.0,E,ENE,2.0,22.0,80.0,58.0,1017.9,1015.5,5.0,1.0,23.3,29.5,No,0,No
Sydney,2021-01-14,20.8,31.6,0.0,10.8,8.0,S,56.0,NE,ENE,9.0,28.0,84.0,65.0,1010.9,1006.0,7.0,1.0,22.9,29.3,No,0,No
Sydney,2021-01-15,20.6,28.1,0.0,10.4,9.0,WSW,48.0,SSW,E,15.0,24.0,80.0,69.0,1008.5,1002.5,7.0,7.0,21.9,26.3,No,0,No
Sydney,2021-01-16,17.3,27.0,0.0,10.6,13.2,W,52.0,W,ESE,24.0,17.0,36.0,35.0,1009.6,1008.0,0.0,0.0,19.1,26.6,No,0,No
Sydney,2021-01-17,16.3,27.1,0.0,9.0,11.8,ESE,43.0,W,ESE,20.0,26.0,48.0,53.0,1014.2,1013.9,0.0,2.0,20.3,25.9,No,0,No
Sydney,2021-01-18,18.4,30.1,0.0,9.6,12.9,E,35.0,NW,NE,11.0,19.0,78.0,56.0,1014.7,1010.2,1.0,1.0,22.3,30.0,No,0,No
Sydney,2021-01-19,21.1,25.2,0.0,8.6,0.8,SSE,54.0,SSE,S,24.0,26.0,79.0,60.0,1015.8,1018.7,5.0,8.0,23.0,21.3,No,0,Yes
Sydney,2021-01-20,17.0,23.1,1.2,8.2,2.4,SE,28.0,SSE,SE,13.0,15.0,80.0,58.0,1023.5,1022.2,8.0,7.0,18.7,22.1,Yes,0,Yes
Sydney,2021-01-21,15.2,28.2,0.2,4.8,13.3,NE,44.0,WNW,E,13.0,28.0,77.0,50.0,1020.3,1015.5,1.0,1.0,19.0,27.7,Yes,0,No
Sydney,2021-01-22,18.3,32.9,0.0,9.6,13.0,N,41.0,E,E,4.0,17.0,78.0,56.0,1011.5,1007.3,2.0,1.0,22.1,30.9,No,0,No
Sydney,2021-01-23,22.1,31.9,0.0,10.8,12.0,E,31.0,SSW,E,19.0,17.0,76.0,61.0,1012.7,1011.2,1.0,1.0,25.3,30.5,No,0,No
Sydney,2021-01-24,22.2,34.2,0.0,8.6,11.3,NNE,46.0,E,NE,9.0,13.0,89.0,50.0,1012.5,1009.2,1.0,2.0,24.8,32.7,No,0,No
Sydney,2021-01-25,21.9,32.3,0.0,13.0,12.4,NE,41.0,E,ENE,15.0,15.0,78.0,58.0,1009.4,1005.9,5.0,1.0,24.9,30.5,No,0,No
Sydney,2021-01-26,21.7,37.1,0.0,12.0,9.5,NNE,48.0,SE,NE,6.0,22.0,85.0,40.0,1002.7,999.2,1.0,7.0,25.3,35.3,No,0,No
Sydney,2021-01-27,21.3,23.5,0.0,12.0,0.2,SSE,54.0,S,S,28.0,24.0,85.0,85.0,1011.4,1014.3,8.0,8.0,22.5,21.2,No,0,Yes
Sydney,2021-01-28,18.6,22.5,19.0,4.4,0.0,SSE,46.0,SE,ESE,22.0,30.0,88.0,75.0,1020.7,1020.4,8.0,8.0,20.5,21.7,Yes,0,Yes
Sydney,2021-01-29,18.6,22.8,7.8,3.2,0.0,E,46.0,E,E,26.0,28.0,96.0,99.0,1018.5,1015.7,8.0,8.0,20.3,20.5,Yes,0,Yes
Sydney,2021-01-30,19.7,28.8,29.6,1.8,4.1,ENE,39.0,N,NE,6.0,13.0,98.0,83.0,1012.3,1010.3,8.0,6.0,22.8,26.8,Yes,0,Yes
Sydney,2021-01-31,21.8,23.4,0.4,7.4,0.0,SSE,50.0,S,SSE,26.0,24.0,86.0,89.0,1015.3,1016.6,8.0,8.0,23.2,21.9,Yes,0,Yes
Sydney,2021-02-01,20.7,28.9,0.8,0.4,6.8,NNE,44.0,S,ESE,7.0,17.0,86.0,68.0,1016.1,1012.3,7.0,1.0,22.1,28.3,Yes,0,Yes
Sydney,2021-02-02,17.5,25.8,17.4,7.6,5.9,SSW,43.0,SW,SE,17.0,24.0,87.0,60.0,1010.5,1010.5,7.0,2.0,19.1,23.2,Yes,0,Yes
Sydney,2021-02-03,17.5,25.8,5.0,7.8,9.3,S,31.0,SSW,ESE,15.0,17.0,72.0,56.0,1013.7,1012.6,1.0,5.0,19.4,24.7,Yes,0,No
Sydney,2021-02-04,17.9,28.9,0.0,6.8,10.1,NE,48.0,,NE,,30.0,88.0,62.0,1013.4,1010.0,6.0,5.0,21.5,27.7,No,0,No
Sydney,2021-02-05,20.8,28.3,0.0,8.4,11.2,NE,54.0,NE,NE,17.0,33.0,84.0,71.0,1012.1,1009.0,2.0,2.0,23.5,28.1,No,0,No
Sydney,2021-02-06,21.4,24.6,0.0,9.0,1.1,NE,37.0,NE,NE,11.0,13.0,83.0,95.0,1004.8,1002.9,8.0,8.0,23.6,23.1,No,0,Yes
Sydney,2021-02-07,19.4,28.8,1.4,3.4,11.2,SE,43.0,WNW,ESE,15.0,22.0,88.0,60.0,1006.4,1006.8,2.0,5.0,21.0,27.3,Yes,0,Yes
Sydney,2021-02-08,20.1,24.2,0.2,8.6,3.6,SSE,37.0,SE,S,22.0,20.0,79.0,64.0,1014.0,1013.6,6.0,7.0,20.9,22.9,Yes,0,No
Sydney,2021-02-09,19.1,25.8,0.0,5.4,6.5,SE,37.0,SE,SSE,17.0,20.0,63.0,58.0,1017.7,1016.7,7.0,4.0,21.6,23.5,No,0,Yes
Sydney,2021-02-10,16.6,27.1,2.4,6.4,9.9,SSE,30.0,WNW,ESE,11.0,15.0,93.0,55.0,1017.7,1015.5,5.0,4.0,18.7,26.7,Yes,0,Yes
Sydney,2021-02-11,17.8,27.9,0.2,9.2,11.9,NNE,46.0,NW,ENE,9.0,28.0,76.0,54.0,1015.3,1011.8,1.0,1.0,20.4,27.6,Yes,0,No
Sydney,2021-02-12,18.9,33.2,0.0,11.0,4.6,NNE,50.0,ENE,N,7.0,22.0,71.0,49.0,1008.8,1005.0,8.0,6.0,21.2,31.6,No,0,Yes
Sydney,2021-02-13,20.2,20.6,15.4,7.4,0.0,SSE,46.0,SSW,SSE,19.0,26.0,99.0,93.0,1007.6,1009.9,8.0,8.0,20.3,20.2,Yes,0,Yes
Sydney,2021-02-14,16.8,25.3,14.4,2.0,11.1,SSE,48.0,SSW,S,19.0,22.0,92.0,59.0,1016.1,1015.8,3.0,4.0,19.0,23.4,Yes,0,No
Sydney,2021-02-15,18.6,24.0,0.0,8.0,4.1,S,70.0,S,SSW,22.0,37.0,63.0,62.0,1018.9,1018.6,7.0,6.0,20.5,23.0,No,0,Yes
Sydney,2021-02-16,19.0,27.5,7.8,5.2,8.7,SE,37.0,ESE,ESE,19.0,22.0,88.0,65.0,1021.5,1021.6,7.0,5.0,21.8,26.0,Yes,0,Yes
Sydney,2021-02-17,18.8,27.0,9.2,7.8,7.0,ESE,39.0,SE,ESE,20.0,33.0,74.0,64.0,1023.9,1023.8,7.0,6.0,21.3,23.9,Yes,0,No
Sydney,2021-02-18,19.5,25.6,0.0,6.4,5.2,ESE,39.0,ESE,ESE,20.0,2.0,61.0,81.0,1024.8,1023.6,1.0,7.0,22.3,23.1,No,0,Yes
Sydney,2021-02-19,20.4,29.7,7.0,6.4,9.7,E,43.0,E,E,22.0,15.0,82.0,68.0,1021.7,1018.5,6.0,5.0,23.7,26.9,Yes,0,No
Sydney,2021-02-20,20.2,29.3,0.0,6.2,10.7,E,26.0,WNW,E,4.0,13.0,98.0,72.0,1016.7,1013.5,7.0,1.0,22.5,28.9,No,0,No
Sydney,2021-02-21,21.4,29.2,0.0,5.4,11.5,ESE,33.0,SW,SE,6.0,19.0,91.0,64.0,1011.5,1008.8,6.0,3.0,23.2,27.7,No,0,No
Sydney,2021-02-22,20.1,29.5,0.0,5.6,10.7,SSW,57.0,WNW,SSE,15.0,28.0,91.0,63.0,1006.8,1005.4,1.0,1.0,22.0,29.0,No,0,No
Sydney,2021-02-23,19.8,21.4,0.0,8.4,0.0,S,48.0,SSE,S,22.0,26.0,67.0,60.0,1012.5,1014.2,7.0,7.0,21.3,20.8,No,0,Yes
Sydney,2021-02-24,16.5,21.9,30.2,5.6,2.2,SE,41.0,SW,S,13.0,19.0,99.0,94.0,1018.0,1016.4,6.0,7.0,18.1,19.8,Yes,0,Yes
Sydney,2021-02-25,17.9,25.8,4.6,2.0,0.9,E,20.0,WNW,ESE,9.0,7.0,97.0,88.0,1011.4,1010.4,7.0,8.0,18.6,23.2,Yes,0,Yes
Sydney,2021-02-26,17.8,28.0,4.2,1.2,10.7,ESE,39.0,SSW,ESE,11.0,22.0,95.0,60.0,1010.2,1009.5,1.0,1.0,20.9,27.8,Yes,0,Yes
Sydney,2021-02-27,20.1,23.2,0.2,7.6,0.0,ESE,22.0,N,ENE,2.0,13.0,90.0,90.0,1014.6,1012.4,8.0,8.0,20.1,22.5,Yes,0,Yes
Sydney,2021-02-28,19.8,28.9,0.2,2.8,10.9,SSW,28.0,SSW,ESE,17.0,19.0,88.0,62.0,1012.7,1010.8,6.0,1.0,22.2,28.3,Yes,0,Yes
Sydney,2021-03-01,19.8,30.8,0.2,6.4,9.5,SSW,54.0,W,ENE,9.0,22.0,95.0,69.0,1010.7,1005.7,7.0,1.0,21.5,30.1,Yes,0,No
Sydney,2021-03-02,20.1,24.7,0.0,8.2,7.7,SSW,48.0,SW,SSE,9.0,26.0,78.0,57.0,1011.5,1012.3,5.0,5.0,21.4,22.0,No,0,Yes
Sydney,2021-03-03,18.1,23.5,0.6,7.6,7.9,S,44.0,S,SE,20.0,20.0,69.0,59.0,1015.7,1015.2,8.0,3.0,19.0,22.9,Yes,0,Yes
Sydney,2021-03-04,16.0,28.7,0.4,6.8,11.3,ENE,33.0,WNW,ENE,15.0,22.0,81.0,56.0,1015.1,1009.3,1.0,2.0,17.8,28.2,Yes,0,Yes
Sydney,2021-03-05,17.8,25.0,0.2,8.0,10.2,SSE,52.0,WSW,SSE,9.0,31.0,75.0,52.0,1007.4,1008.7,1.0,2.0,20.1,24.2,Yes,0,No
Sydney,2021-03-06,17.9,24.8,0.0,8.4,9.3,SSE,37.0,S,S,15.0,17.0,55.0,48.0,1012.9,1012.3,7.0,1.0,19.9,22.9,No,0,No
Sydney,2021-03-07,16.1,27.3,0.0,7.0,9.5,NE,37.0,W,E,15.0,24.0,75.0,59.0,1015.7,1012.3,4.0,5.0,18.0,26.6,No,0,No
Sydney,2021-03-08,18.0,31.2,0.0,7.6,4.9,WNW,46.0,WNW,NNW,9.0,11.0,87.0,56.0,1011.9,1007.9,7.0,7.0,20.9,28.5,No,0,No
Sydney,2021-03-09,19.6,28.8,0.0,6.2,8.4,SSE,39.0,WNW,SE,17.0,24.0,78.0,63.0,1011.4,1012.1,7.0,5.0,21.8,28.3,No,0,No
Sydney,2021-03-10,20.4,27.9,0.0,6.6,3.6,ENE,33.0,SE,E,13.0,22.0,76.0,61.0,1020.6,1020.0,5.0,6.0,21.8,27.1,No,0,Yes
Sydney,2021-03-11,20.0,28.1,0.2,4.2,3.9,E,43.0,NNE,ENE,6.0,24.0,91.0,69.0,1021.9,1019.9,7.0,7.0,21.4,24.9,Yes,0,Yes
Sydney,2021-03-12,21.4,27.4,1.8,7.8,2.1,NE,44.0,NNW,ENE,9.0,17.0,83.0,74.0,1018.3,1015.6,7.0,7.0,22.6,25.5,Yes,0,Yes
Sydney,2021-03-13,20.4,29.4,25.6,0.6,10.2,NNE,46.0,W,ENE,7.0,11.0,99.0,74.0,1015.0,1010.2,3.0,5.0,20.9,26.8,Yes,0,Yes
Sydney,2021-03-14,19.3,19.3,22.8,10.0,0.0,S,57.0,SSW,SSW,24.0,28.0,98.0,89.0,1012.8,1015.8,8.0,8.0,19.3,16.7,Yes,0,Yes
Sydney,2021-03-15,12.2,24.3,21.6,4.0,10.8,SSW,41.0,W,SSE,19.0,20.0,85.0,57.0,1022.1,1021.6,1.0,1.0,14.0,23.4,Yes,0,No
Sydney,2021-03-16,14.0,21.2,0.0,6.6,0.3,ESE,46.0,W,W,9.0,6.0,76.0,85.0,1025.7,1023.9,8.0,8.0,17.1,20.1,No,0,Yes
Sydney,2021-03-17,17.1,23.8,13.6,2.4,1.1,ESE,52.0,SE,ESE,24.0,33.0,77.0,71.0,1025.5,1024.0,7.0,7.0,19.9,21.9,Yes,0,Yes
Sydney,2021-03-18,18.0,21.5,9.8,6.2,0.0,ESE,57.0,ESE,E,41.0,13.0,78.0,98.0,1024.3,1024.1,8.0,8.0,21.4,19.5,Yes,0,Yes
Sydney,2021-03-19,17.3,25.7,54.4,3.4,1.3,ESE,57.0,ESE,ESE,28.0,28.0,78.0,73.0,1025.6,1024.9,8.0,7.0,21.4,22.9,Yes,0,Yes
Sydney,2021-03-20,18.3,21.8,47.6,2.8,0.0,ENE,78.0,ESE,E,26.0,31.0,100.0,100.0,1022.5,1021.1,8.0,8.0,19.6,19.1,Yes,0,Yes
Sydney,2021-03-21,19.0,20.3,110.4,,0.0,E,70.0,E,ENE,44.0,22.0,94.0,88.0,1024.8,1024.1,8.0,8.0,19.4,19.1,Yes,0,Yes
Sydney,2021-03-22,18.0,19.9,28.4,4.6,0.0,E,44.0,NNE,ENE,22.0,17.0,99.0,99.0,1023.1,1019.6,8.0,8.0,18.0,18.9,Yes,0,Yes
Sydney,2021-03-23,17.2,20.4,46.8,0.4,0.0,NE,59.0,NE,NNE,31.0,24.0,100.0,100.0,1008.5,1000.9,8.0,8.0,18.5,19.2,Yes,0,Yes
Sydney,2021-03-24,17.7,29.2,19.4,1.8,10.7,WNW,46.0,WNW,WNW,15.0,26.0,85.0,44.0,998.7,997.7,1.0,4.0,20.4,29.0,Yes,0,No
Sydney,2021-03-25,17.1,29.1,0.0,6.6,9.0,W,33.0,SSW,E,2.0,13.0,78.0,62.0,1003.4,1003.3,7.0,6.0,18.9,24.0,No,0,Yes
Sydney,2021-03-26,15.2,26.3,2.0,6.6,10.3,W,26.0,WNW,ESE,19.0,19.0,82.0,57.0,1013.7,1011.8,1.0,2.0,16.8,25.4,Yes,0,Yes
Sydney,2021-03-27,16.6,28.5,0.2,4.6,9.8,W,28.0,WNW,W,17.0,6.0,92.0,33.0,1013.8,1011.2,1.0,3.0,17.8,28.0,Yes,0,No
Sydney,2021-03-28,16.7,27.0,0.0,6.8,10.6,ESE,31.0,WNW,SE,13.0,20.0,87.0,54.0,1017.6,1015.6,1.0,1.0,17.7,24.4,No,0,No
Sydney,2021-03-29,15.7,26.7,0.0,6.0,10.5,ESE,26.0,WNW,ESE,15.0,20.0,89.0,56.0,1020.2,1018.7,1.0,2.0,17.1,25.9,No,0,Yes
Sydney,2021-03-30,16.2,23.3,4.2,7.2,7.1,S,39.0,SSW,S,17.0,20.0,74.0,49.0,1023.8,1022.6,7.0,7.0,17.4,22.4,Yes,0,Yes
Sydney,2021-03-31,14.4,24.6,7.2,6.2,8.9,SSW,43.0,W,S,20.0,19.0,84.0,48.0,1024.4,1022.9,7.0,1.0,15.5,23.8,Yes,0,Yes
Sydney,2021-04-01,14.6,27.3,6.6,4.8,9.8,W,26.0,W,E,17.0,13.0,92.0,58.0,1025.0,1023.2,1.0,2.0,15.9,26.7,Yes,0,No
Sydney,2021-04-02,15.9,27.3,0.0,2.8,10.8,ESE,20.0,WNW,ESE,15.0,15.0,98.0,60.0,1026.5,1025.7,3.0,1.0,17.5,26.3,No,0,No
Sydney,2021-04-03,16.0,26.9,0.0,4.0,10.8,NE,30.0,WNW,ENE,19.0,20.0,97.0,58.0,1026.2,1022.3,1.0,1.0,17.3,26.6,No,0,No
Sydney,2021-04-04,16.7,27.3,0.0,7.2,9.9,NNE,31.0,WNW,E,11.0,11.0,86.0,71.0,1019.8,1015.8,1.0,6.0,20.4,25.0,No,0,No
Sydney,2021-04-05,17.8,28.3,0.0,5.6,10.2,SSE,31.0,S,SSE,19.0,19.0,86.0,64.0,1019.5,1018.3,2.0,2.0,23.1,28.2,No,0,Yes
Sydney,2021-04-06,19.2,27.5,0.6,3.3,7.7,ESE,31.0,WNW,ESE,9.0,20.0,96.0,77.0,1021.9,1019.8,2.0,6.0,22.4,24.3,Yes,0,Yes
Sydney,2021-04-07,18.6,26.5,1.2,4.4,6.5,ENE,37.0,ESE,SE,13.0,17.0,98.0,77.0,1019.3,1015.7,5.0,7.0,21.9,23.7,Yes,0,Yes
Sydney,2021-04-08,18.4,26.8,6.8,3.2,10.0,N,22.0,WNW,E,9.0,13.0,99.0,64.0,1014.0,1009.9,2.0,2.0,20.7,26.7,Yes,0,No
Sydney,2021-04-09,17.2,28.8,0.0,4.8,6.4,SSE,52.0,W,W,13.0,4.0,87.0,51.0,1005.3,1001.5,2.0,1.0,20.2,28.6,No,0,Yes
Sydney,2021-04-10,16.5,24.5,0.2,6.4,8.0,W,48.0,W,W,19.0,26.0,74.0,34.0,1006.9,1004.0,7.0,1.0,16.9,23.9,Yes,0,No
Sydney,2021-04-11,13.5,19.7,0.0,5.8,10.6,W,67.0,W,WSW,31.0,31.0,42.0,31.0,1009.3,1010.2,1.0,1.0,16.5,18.5,No,0,No
Sydney,2021-04-12,9.6,20.5,0.0,6.8,10.9,WSW,37.0,W,SSE,24.0,9.0,54.0,36.0,1019.4,1018.2,1.0,1.0,13.7,19.4,No,0,No
Sydney,2021-04-13,10.3,22.9,0.0,4.0,10.2,W,31.0,WNW,ENE,15.0,20.0,71.0,53.0,1022.9,1018.1,1.0,2.0,14.5,22.5,No,0,No
Sydney,2021-04-14,14.1,27.8,0.0,5.4,8.5,NW,28.0,WNW,NNW,11.0,13.0,49.0,31.0,1015.0,1011.8,6.0,5.0,20.3,26.0,No,0,No
Sydney,2021-04-15,16.3,26.7,0.0,6.4,10.2,W,33.0,WNW,WNW,11.0,4.0,51.0,31.0,1016.1,1012.1,1.0,3.0,19.8,26.4,No,0,No
Sydney,2021-04-16,15.7,21.9,0.0,6.4,5.8,SSE,44.0,WNW,SSE,15.0,24.0,50.0,60.0,1020.7,1021.4,5.0,6.0,18.4,19.3,No,0,No
Sydney,2021-04-17,14.6,18.5,0.0,4.0,0.1,SE,19.0,WNW,ENE,7.0,7.0,80.0,60.0,1023.3,1021.6,8.0,8.0,16.0,18.2,No,0,No
Sydney,2021-04-18,10.9,23.1,0.0,4.0,9.6,W,24.0,W,E,15.0,11.0,86.0,58.0,1022.2,1018.9,4.0,2.0,14.4,22.5,No,0,No
Sydney,2021-04-19,11.8,24.2,0.0,1.6,10.5,WNW,22.0,WNW,E,17.0,19.0,86.0,59.0,1019.1,1014.4,1.0,0.0,14.9,22.2,No,0,No
Sydney,2021-04-20,11.2,22.9,0.0,4.0,6.8,WNW,28.0,WNW,NNE,13.0,11.0,67.0,46.0,1016.0,1010.7,2.0,6.0,15.9,22.1,No,0,No
Sydney,2021-04-21,14.1,20.9,0.0,5.2,10.4,SW,44.0,SW,SSE,20.0,22.0,54.0,45.0,1013.4,1013.0,1.0,1.0,15.6,19.5,No,0,No
Sydney,2021-04-22,10.3,21.3,0.0,6.0,10.6,WSW,46.0,W,WSW,19.0,17.0,63.0,33.0,1013.5,1010.8,1.0,1.0,14.0,20.3,No,0,No
Sydney,2021-04-23,9.2,23.1,0.0,5.4,10.6,W,46.0,W,ESE,9.0,17.0,63.0,41.0,1018.0,1016.1,1.0,1.0,14.0,22.4,No,0,No
Sydney,2021-04-24,10.5,23.5,0.0,4.0,10.0,W,24.0,W,ENE,20.0,15.0,72.0,53.0,1022.7,1019.5,3.0,5.0,13.6,21.7,No,0,No
Sydney,2021-04-25,11.3,23.8,0.0,3.2,9.7,W,30.0,WNW,SE,20.0,19.0,67.0,66.0,1024.2,1022.3,1.0,5.0,14.9,21.1,No,0,No
Sydney,2021-04-26,11.9,23.3,0.0,3.4,10.1,ENE,24.0,WNW,E,15.0,11.0,86.0,58.0,1025.7,1023.2,1.0,2.0,15.3,21.6,No,0,No
Sydney,2021-04-27,13.2,24.4,0.0,3.0,9.8,W,24.0,WNW,ESE,17.0,15.0,86.0,61.0,1027.8,1025.1,0.0,1.0,16.4,21.8,No,0,No
Sydney,2021-04-28,13.9,22.9,0.0,4.0,6.2,E,20.0,WNW,ENE,11.0,13.0,87.0,63.0,1026.5,1023.5,6.0,7.0,17.1,21.7,No,0,No
Sydney,2021-04-29,12.8,22.8,0.0,2.6,9.8,E,24.0,W,E,13.0,19.0,90.0,63.0,1025.1,1022.8,0.0,1.0,15.7,21.8,No,0,No
Sydney,2021-04-30,13.0,24.1,0.0,3.6,7.9,ESE,24.0,WNW,ESE,17.0,19.0,94.0,67.0,1029.1,1026.9,6.0,3.0,15.4,22.9,No,0,No
Sydney,2021-05-01,14.3,23.0,0.0,3.2,7.1,ENE,30.0,WNW,E,17.0,17.0,97.0,76.0,1030.4,1027.6,2.0,2.0,16.8,22.1,No,0,No
Sydney,2021-05-02,14.8,24.6,0.0,0.4,8.2,NNE,31.0,W,ENE,11.0,20.0,98.0,72.0,1028.5,1024.7,7.0,7.0,16.6,22.4,No,0,No
Sydney,2021-05-03,13.8,24.7,0.0,4.0,7.6,NNE,26.0,WNW,ENE,13.0,13.0,100.0,64.0,1022.4,1017.8,6.0,1.0,15.1,23.5,No,0,No
Sydney,2021-05-04,15.1,17.1,0.0,4.0,0.0,WSW,33.0,WNW,WSW,15.0,9.0,85.0,94.0,1016.7,1015.4,8.0,8.0,16.9,15.3,No,0,Yes
Sydney,2021-05-05,14.2,19.5,18.0,73.0,0.7,S,35.0,SW,SSW,19.0,19.0,100.0,86.0,1014.9,1012.2,7.0,7.0,15.3,18.6,Yes,0,Yes
Sydney,2021-05-06,15.3,22.0,25.4,3.6,0.3,SSE,69.0,SSE,SE,39.0,17.0,98.0,91.0,1011.8,1011.3,7.0,7.0,18.9,21.2,Yes,0,Yes
Sydney,2021-05-07,17.8,22.8,16.4,1.8,6.8,SSE,39.0,SSE,SSW,19.0,22.0,96.0,77.0,1011.4,1009.3,7.0,6.0,19.2,21.7,Yes,0,Yes
Sydney,2021-05-08,15.0,26.2,0.4,3.8,6.7,WNW,24.0,WNW,WNW,19.0,6.0,96.0,61.0,1013.1,1012.1,5.0,7.0,17.3,23.4,Yes,0,No
Sydney,2021-05-09,16.2,19.4,0.0,4.4,0.0,WNW,26.0,WNW,NW,15.0,4.0,71.0,72.0,1019.4,1016.6,7.0,7.0,17.7,19.2,No,0,No
Sydney,2021-05-10,13.7,24.7,0.0,2.2,9.6,NW,37.0,W,WNW,20.0,20.0,87.0,41.0,1015.8,1011.7,0.0,2.0,16.6,24.5,No,0,No
Sydney,2021-05-11,15.1,23.6,0.0,3.2,6.0,SW,33.0,WNW,SW,6.0,22.0,84.0,61.0,1015.3,1014.7,3.0,7.0,16.7,19.2,No,0,Yes
Sydney,2021-05-12,12.8,22.5,0.4,3.0,9.5,S,37.0,W,S,15.0,15.0,86.0,69.0,1020.1,1017.6,4.0,2.0,15.4,21.9,Yes,0,Yes
Sydney,2021-05-13,13.3,24.4,0.8,3.4,9.5,W,31.0,WNW,WNW,15.0,6.0,91.0,50.0,1014.2,1009.2,1.0,2.0,15.3,24.0,Yes,0,No
Sydney,2021-05-14,13.2,20.3,0.0,4.0,9.9,WSW,50.0,W,W,26.0,28.0,50.0,36.0,1012.4,1011.4,1.0,1.0,16.0,19.9,No,0,No
Sydney,2021-05-15,10.5,18.6,0.0,5.2,7.3,W,65.0,W,WNW,9.0,28.0,65.0,38.0,1013.2,1011.6,5.0,1.0,13.3,16.9,No,0,No
Sydney,2021-05-16,7.8,19.2,0.0,5.2,9.7,W,50.0,W,WNW,24.0,13.0,58.0,27.0,1021.5,1017.9,1.0,0.0,10.3,18.7,No,0,No
Sydney,2021-05-17,9.0,20.2,0.0,2.8,9.8,W,43.0,W,SSE,24.0,20.0,64.0,47.0,1022.1,1022.5,1.0,2.0,12.5,18.4,No,0,No
Sydney,2021-05-18,8.7,20.6,0.0,4.0,9.5,W,30.0,W,ENE,20.0,13.0,74.0,46.0,1029.2,1026.3,1.0,1.0,11.3,20.2,No,0,No
Sydney,2021-05-19,8.5,21.3,0.0,3.4,9.8,W,26.0,W,E,19.0,13.0,81.0,61.0,1029.3,1025.4,0.0,0.0,11.0,18.9,No,0,No
Sydney,2021-05-20,8.6,21.6,0.0,2.8,7.8,WNW,28.0,W,SSE,20.0,15.0,78.0,40.0,1027.1,1025.0,4.0,3.0,11.3,20.5,No,0,No
Sydney,2021-05-21,10.0,16.4,0.0,2.8,0.5,S,28.0,W,S,19.0,7.0,84.0,81.0,1030.4,1028.3,7.0,7.0,11.7,16.0,No,0,Yes
Sydney,2021-05-22,9.0,21.8,1.4,0.4,9.4,W,30.0,W,SSE,24.0,11.0,87.0,58.0,1028.0,1024.7,2.0,2.0,11.4,19.6,Yes,0,Yes
Sydney,2021-05-23,10.5,20.3,0.2,3.0,4.6,SSW,30.0,W,SSW,20.0,22.0,89.0,69.0,1027.2,1025.9,7.0,2.0,12.6,19.8,Yes,0,Yes
Sydney,2021-05-24,12.5,18.7,1.0,1.2,1.2,ENE,31.0,WNW,E,17.0,4.0,100.0,86.0,1030.8,1028.2,4.0,7.0,15.2,18.1,Yes,0,Yes
Sydney,2021-05-25,12.9,22.6,2.6,5.0,9.2,NNE,35.0,W,NE,15.0,17.0,99.0,59.0,1026.5,1021.1,5.0,6.0,14.6,21.1,Yes,0,No
Sydney,2021-05-26,14.4,22.3,0.0,0.4,9.1,WSW,50.0,W,W,20.0,19.0,60.0,34.0,1017.6,1015.8,1.0,1.0,16.2,21.4,No,0,No
Sydney,2021-05-27,9.9,19.6,0.0,6.2,9.5,W,41.0,W,W,28.0,24.0,58.0,41.0,1024.1,1020.8,0.0,1.0,12.5,19.0,No,0,No
Sydney,2021-05-28,10.1,17.4,0.0,4.0,9.5,SW,59.0,W,SSW,22.0,26.0,63.0,33.0,1023.7,1024.4,1.0,1.0,12.8,16.3,No,0,No
Sydney,2021-05-29,8.6,16.0,0.0,6.0,4.1,SW,56.0,W,SW,28.0,24.0,61.0,55.0,1028.8,1027.1,5.0,8.0,9.9,14.3,No,0,No
Sydney,2021-05-30,9.9,16.2,0.0,2.8,1.6,W,43.0,W,SSW,20.0,13.0,70.0,76.0,1028.5,1026.7,7.0,7.0,12.1,14.3,No,0,No
Sydney,2021-05-31,9.6,20.4,0.0,2.4,9.3,W,33.0,W,E,24.0,11.0,71.0,52.0,1025.9,1023.2,1.0,1.0,11.8,18.8,No,0,No
Sydney,2021-06-01,8.6,20.5,0.0,2.8,6.0,WNW,24.0,WNW,W,19.0,6.0,95.0,48.0,1023.7,1020.5,6.0,7.0,10.0,19.6,No,0,No
Sydney,2021-06-02,9.4,22.0,0.0,1.8,9.3,W,22.0,WNW,E,15.0,11.0,88.0,61.0,1021.8,1017.7,3.0,1.0,11.0,19.7,No,0,No
Sydney,2021-06-03,10.9,13.4,0.0,2.4,0.0,W,31.0,WNW,WNW,11.0,11.0,92.0,98.0,1015.2,1010.8,7.0,8.0,12.4,13.1,No,0,Yes
Sydney,2021-06-04,10.5,20.5,7.8,1.4,6.4,W,43.0,W,W,17.0,28.0,95.0,56.0,1010.8,1010.7,2.0,7.0,12.0,17.6,Yes,0,Yes
Sydney,2021-06-05,8.5,18.0,0.2,3.2,9.3,SSW,31.0,WNW,W,20.0,9.0,76.0,39.0,1022.9,1020.4,1.0,1.0,11.1,17.7,Yes,0,No
Sydney,2021-06-06,8.1,21.3,0.0,2.2,9.3,W,41.0,W,ENE,24.0,2.0,66.0,39.0,1024.0,1023.0,0.0,1.0,10.8,21.1,No,0,No
Sydney,2021-06-07,7.9,20.2,0.0,3.2,8.6,W,22.0,W,ENE,15.0,13.0,84.0,62.0,1024.0,1018.7,6.0,6.0,10.5,19.3,No,0,No
Sydney,2021-06-08,10.4,19.1,0.0,2.6,1.3,W,46.0,N,NNE,19.0,26.0,55.0,54.0,1013.5,1008.5,6.0,7.0,14.7,18.4,No,0,Yes
Sydney,2021-06-09,10.2,15.7,7.4,2.4,7.6,NNW,44.0,WNW,NW,30.0,19.0,86.0,56.0,1005.0,1001.7,3.0,4.0,10.5,12.8,Yes,0,No
Sydney,2021-06-10,6.7,10.3,0.0,4.0,0.0,NNW,31.0,NNE,NNW,15.0,11.0,81.0,86.0,1006.0,1005.5,7.0,8.0,9.3,9.8,No,0,Yes
Sydney,2021-06-11,5.8,15.4,6.0,1.6,4.9,WNW,31.0,WNW,NW,17.0,11.0,100.0,64.0,1011.0,1009.6,3.0,7.0,7.1,14.6,Yes,0,No
Sydney,2021-06-12,7.1,18.8,0.0,2.5,9.3,W,39.0,N,WNW,19.0,17.0,66.0,41.0,1016.1,1013.8,1.0,1.0,12.9,17.7,No,0,No
Sydney,2021-06-13,8.1,19.6,0.0,4.2,9.4,W,37.0,W,WSW,11.0,19.0,71.0,45.0,1017.4,1014.3,1.0,1.0,11.6,18.6,No,0,No
Sydney,2021-06-14,9.9,17.8,0.0,4.6,0.4,W,30.0,W,SSW,22.0,9.0,70.0,66.0,1016.6,1014.9,7.0,7.0,11.0,17.4,No,0,No
Sydney,2021-06-15,10.6,18.2,0.0,0.0,0.9,W,26.0,WNW,S,19.0,7.0,85.0,76.0,1018.0,1015.7,6.0,7.0,12.6,16.7,No,0,No
Sydney,2021-06-16,8.8,20.2,0.0,1.6,7.4,W,54.0,WNW,ENE,11.0,11.0,98.0,61.0,1017.9,1013.5,1.0,5.0,10.3,20.0,No,0,Yes
Sydney,2021-06-17,9.5,17.9,6.2,2.0,8.3,W,50.0,NW,W,7.0,28.0,70.0,41.0,1009.9,1007.6,1.0,3.0,11.9,17.3,Yes,0,No
Sydney,2021-06-18,9.0,18.9,0.0,4.0,8.0,W,65.0,W,W,9.0,35.0,75.0,46.0,1007.4,1004.7,1.0,6.0,12.1,18.1,No,0,Yes
Sydney,2021-06-19,11.0,14.6,1.8,4.0,0.0,SSW,67.0,W,SW,30.0,35.0,61.0,89.0,1012.0,1014.2,7.0,8.0,13.3,12.9,Yes,0,Yes
Sydney,2021-06-20,11.5,15.3,10.8,1.3,1.5,SW,46.0,SW,SW,20.0,20.0,85.0,87.0,1023.1,1022.7,6.0,7.0,12.6,13.7,Yes,0,Yes
Sydney,2021-06-21,9.9,15.8,9.4,1.2,3.3,W,33.0,W,SSW,17.0,17.0,97.0,82.0,1027.4,1026.1,7.0,3.0,11.5,14.8,Yes,0,Yes
Sydney,2021-06-22,9.4,18.9,1.4,2.2,2.8,W,30.0,WNW,E,19.0,4.0,94.0,68.0,1031.8,1029.7,7.0,4.0,10.7,17.1,Yes,0,No
Sydney,2021-06-23,10.0,19.2,0.0,0.0,2.9,NNW,33.0,W,N,6.0,19.0,99.0,62.0,1027.6,1022.8,7.0,6.0,12.0,17.3,No,0,No
Sydney,2021-06-24,12.0,21.7,0.0,3.6,3.1,N,48.0,NNE,N,9.0,24.0,74.0,57.0,1015.8,1010.6,7.0,4.0,15.4,20.1,No,0,No
Sydney,2021-06-25,11.6,19.8,0.0,3.0,9.1,W,44.0,WNW,W,17.0,20.0,63.0,42.0,1015.5,1013.7,1.0,1.0,15.1,19.5,No,0,No
Sydney,2021-06-26,9.2,19.1,0.0,4.8,9.2,W,43.0,WNW,W,19.0,24.0,67.0,43.0,1018.9,1018.3,1.0,3.0,13.3,17.8,No,0,No
Sydney,2021-06-27,8.1,19.6,0.0,4.6,9.1,W,28.0,WNW,WNW,15.0,7.0,76.0,38.0,1025.7,1024.7,1.0,0.0,10.7,19.3,No,0,Yes
Sydney,2021-06-28,8.0,17.0,0.6,0.6,2.8,SSW,33.0,W,SSW,22.0,17.0,91.0,76.0,1032.2,1030.5,6.0,4.0,8.9,16.6,Yes,0,Yes
Sydney,2021-06-29,8.9,17.2,3.2,2.2,1.8,WNW,26.0,W,NW,20.0,4.0,98.0,93.0,1034.1,1031.6,7.0,5.0,11.3,14.4,Yes,0,Yes
Sydney,2021-06-30,11.1,18.3,25.6,2.0,1.9,W,20.0,WNW,E,11.0,7.0,100.0,88.0,1031.5,1027.7,7.0,7.0,11.7,16.4,Yes,0,Yes
Sydney,2021-07-01,10.9,17.7,3.4,0.8,1.5,W,20.0,W,ENE,17.0,9.0,100.0,85.0,1025.5,1021.8,8.0,7.0,11.6,15.9,Yes,0,Yes
Sydney,2021-07-02,11.1,20.7,3.0,1.4,5.3,NNW,26.0,WNW,ESE,11.0,6.0,100.0,63.0,1018.8,1016.1,8.0,2.0,12.0,20.4,Yes,0,Yes
Sydney,2021-07-03,8.5,20.8,0.2,1.8,7.7,W,30.0,WNW,E,22.0,11.0,91.0,56.0,1018.8,1015.8,1.0,3.0,10.3,18.7,Yes,0,No
Sydney,2021-07-04,7.9,16.0,0.0,1.3,9.8,W,39.0,WNW,WNW,20.0,15.0,66.0,45.0,1022.6,1019.3,1.0,1.0,9.9,15.6,No,0,No
Sydney,2021-07-05,6.7,17.5,0.0,3.6,9.5,W,35.0,W,W,20.0,13.0,75.0,42.0,1021.1,1018.5,1.0,1.0,9.1,16.9,No,0,No
Sydney,2021-07-06,6.1,16.7,0.0,2.8,7.5,W,39.0,W,WNW,26.0,7.0,75.0,48.0,1022.1,1020.1,7.0,7.0,8.1,15.6,No,0,No
Sydney,2021-07-07,5.5,19.1,0.0,2.2,7.5,W,31.0,W,SSE,22.0,6.0,80.0,45.0,1026.1,1023.6,1.0,4.0,7.6,18.3,No,0,No
Sydney,2021-07-08,6.3,17.2,0.0,0.6,6.8,WNW,22.0,WNW,ENE,17.0,13.0,94.0,65.0,1024.4,1020.3,4.0,7.0,8.5,15.8,No,0,No
Sydney,2021-07-09,8.5,12.5,0.0,1.8,0.0,W,37.0,WNW,W,15.0,13.0,90.0,94.0,1015.1,1011.7,8.0,8.0,9.9,12.0,No,0,Yes
Sydney,2021-07-10,9.9,14.1,5.2,2.0,0.1,SW,48.0,WSW,SW,26.0,19.0,86.0,87.0,1017.0,1018.9,7.0,7.0,12.5,13.2,Yes,0,Yes
Sydney,2021-07-11,9.6,17.5,21.8,28.6,5.0,SW,35.0,W,SSW,19.0,13.0,99.0,71.0,1026.8,1024.7,6.0,5.0,10.1,14.7,Yes,0,Yes
Sydney,2021-07-12,8.2,17.2,0.2,2.2,7.3,W,26.0,W,NE,17.0,13.0,98.0,65.0,1024.6,1019.9,7.0,7.0,9.4,16.6,Yes,0,Yes
Sydney,2021-07-13,8.1,19.6,0.2,0.8,8.6,WNW,26.0,WNW,NW,15.0,13.0,90.0,47.0,1019.2,1015.8,1.0,6.0,10.2,18.5,Yes,0,No
Sydney,2021-07-14,10.2,16.4,0.0,3.2,0.2,NNW,30.0,NNW,E,6.0,6.0,67.0,87.0,1014.4,1010.1,7.0,7.0,13.2,12.9,No,0,Yes
Sydney,2021-07-15,12.7,23.4,1.8,1.4,6.1,SW,33.0,N,N,19.0,13.0,74.0,53.0,1006.3,1001.9,1.0,4.0,15.8,22.5,Yes,0,Yes
Sydney,2021-07-16,10.5,19.1,0.2,2.2,8.4,WNW,72.0,NNE,WNW,9.0,31.0,80.0,45.0,996.7,993.1,1.0,2.0,13.5,17.4,Yes,0,Yes
Sydney,2021-07-17,11.9,14.6,2.0,6.6,9.1,NW,69.0,NW,NW,33.0,39.0,60.0,44.0,997.0,996.7,3.0,1.0,12.7,13.7,Yes,0,No
Sydney,2021-07-18,10.0,19.3,0.0,4.4,9.5,W,44.0,W,WSW,28.0,20.0,63.0,41.0,1011.8,1012.4,1.0,3.0,13.2,18.9,No,0,No
Sydney,2021-07-19,6.8,16.2,0.0,4.6,5.1,W,33.0,WNW,WNW,22.0,17.0,77.0,52.0,1018.1,1014.1,2.0,7.0,9.6,15.0,No,0,No
Sydney,2021-07-20,7.5,15.9,0.0,3.4,5.6,WNW,48.0,WNW,NW,13.0,26.0,63.0,52.0,1011.2,1006.0,3.0,7.0,10.9,14.1,No,0,No
Sydney,2021-07-21,8.9,15.0,0.0,4.0,5.1,SSW,61.0,W,SSW,24.0,30.0,54.0,44.0,1013.3,1015.2,5.0,1.0,9.9,14.8,No,0,No
Sydney,2021-07-22,5.2,18.3,0.0,2.4,9.5,W,33.0,WNW,N,20.0,22.0,70.0,40.0,1019.2,1013.9,1.0,3.0,8.2,17.9,No,0,Yes
Sydney,2021-07-23,8.2,17.5,0.4,3.0,2.2,NNW,41.0,N,ENE,4.0,11.0,76.0,73.0,1010.7,1005.9,7.0,7.0,10.9,14.5,Yes,0,No
Sydney,2021-07-24,10.9,18.6,0.0,2.2,6.9,W,61.0,W,WNW,19.0,35.0,82.0,40.0,1003.0,1000.9,7.0,1.0,11.7,17.8,No,0,No
Sydney,2021-07-25,10.2,16.2,0.0,7.4,9.6,W,78.0,W,WNW,33.0,33.0,50.0,32.0,1005.8,1008.5,1.0,4.0,11.4,14.8,No,0,No
Sydney,2021-07-26,9.5,20.6,0.0,2.2,4.5,WNW,44.0,WNW,WNW,11.0,30.0,64.0,40.0,1015.6,1014.3,1.0,6.0,13.5,18.7,No,0,No
Sydney,2021-07-27,11.2,20.5,0.0,4.0,9.6,WNW,43.0,NNW,NW,9.0,24.0,63.0,43.0,1019.2,1015.2,1.0,6.0,15.2,19.8,No,0,No
Sydney,2021-07-28,12.8,25.4,0.0,6.4,6.2,NW,74.0,NNE,NW,6.0,33.0,46.0,30.0,1008.4,1003.6,5.0,7.0,16.7,23.7,No,0,No
Sydney,2021-07-29,11.0,19.4,0.0,6.8,9.6,W,52.0,W,W,17.0,24.0,52.0,27.0,1014.0,1014.2,1.0,0.0,12.5,18.9,No,0,No
Sydney,2021-07-30,5.9,18.1,0.0,3.4,9.7,N,26.0,WNW,E,19.0,11.0,69.0,52.0,1021.0,1017.4,,0.0,9.4,15.9,No,0,No
Sydney,2021-07-31,8.2,23.3,0.0,3.8,6.6,NNE,28.0,NNW,NE,7.0,19.0,50.0,46.0,1014.6,1009.0,6.0,3.0,14.9,21.7,No,0,No
Sydney,2021-08-01,14.9,25.6,0.0,4.8,5.0,nan,,WNW,WSW,15.0,28.0,57.0,47.0,1006.4,1009.0,1.0,7.0,20.2,20.1,No,0,No
Sydney,2021-08-02,8.1,18.9,0.0,3.2,8.6,NE,41.0,WNW,E,17.0,9.0,74.0,54.0,1020.9,1017.4,1.0,3.0,11.4,18.2,No,0,Yes
Sydney,2021-08-03,11.4,20.2,3.4,4.2,8.8,WNW,52.0,W,WNW,19.0,30.0,93.0,36.0,1010.2,1007.2,3.0,1.0,13.2,19.1,Yes,0,No
Sydney,2021-08-04,9.3,16.6,0.0,7.6,9.9,W,69.0,WSW,W,15.0,35.0,53.0,37.0,1012.6,1011.7,1.0,1.0,11.8,16.0,No,0,No
Sydney,2021-08-05,9.1,20.2,0.0,3.8,10.0,W,44.0,W,W,13.0,22.0,66.0,38.0,1016.8,1016.1,1.0,1.0,12.9,19.3,No,0,No
Sydney,2021-08-06,9.0,21.6,0.0,3.0,10.0,W,39.0,WNW,NW,17.0,7.0,68.0,35.0,1022.2,1019.6,1.0,1.0,12.0,21.0,No,0,No
Sydney,2021-08-07,8.3,20.0,0.0,4.6,10.1,SW,39.0,WNW,W,19.0,7.0,71.0,37.0,1025.9,1021.7,1.0,0.0,10.4,19.5,No,0,Yes
Sydney,2021-08-08,9.9,15.3,0.8,2.6,0.0,ESE,43.0,W,E,15.0,9.0,95.0,86.0,1031.9,1030.5,7.0,7.0,11.5,13.5,Yes,0,Yes
Sydney,2021-08-09,9.7,20.4,4.6,2.2,8.9,ENE,33.0,WNW,NE,13.0,20.0,92.0,55.0,1031.6,1026.6,4.0,2.0,11.9,18.6,Yes,0,No
Sydney,2021-08-10,8.8,22.8,0.0,3.4,8.0,NW,35.0,WNW,N,11.0,15.0,93.0,44.0,1028.2,1023.6,2.0,6.0,11.4,22.0,No,0,Yes
Sydney,2021-08-11,11.4,24.2,0.2,4.0,10.1,NNW,48.0,NNW,NNW,20.0,26.0,54.0,39.0,1024.7,1019.0,0.0,1.0,17.9,23.9,Yes,0,No
Sydney,2021-08-12,14.4,21.6,0.0,8.0,8.7,W,50.0,S,WNW,17.0,17.0,50.0,25.0,1025.0,1024.1,1.0,1.0,15.3,20.9,No,0,No
Sydney,2021-08-13,8.3,21.6,0.0,6.0,10.6,W,37.0,W,ENE,26.0,17.0,60.0,41.0,1027.9,1023.9,0.0,0.0,11.5,20.6,No,0,No
Sydney,2021-08-14,8.0,20.3,0.0,3.6,10.2,WNW,24.0,W,E,20.0,15.0,72.0,55.0,1029.2,1025.8,1.0,1.0,11.6,19.3,No,0,No
Sydney,2021-08-15,8.4,22.2,0.0,2.2,10.5,W,28.0,WNW,NW,22.0,7.0,72.0,27.0,1025.7,1021.1,1.0,1.0,11.9,22.0,No,0,No
Sydney,2021-08-16,10.1,23.2,0.0,5.4,10.6,W,65.0,W,WNW,6.0,13.0,51.0,27.0,1020.8,1016.8,0.0,0.0,13.5,22.9,No,0,No
Sydney,2021-08-17,9.8,20.6,0.0,3.6,10.6,W,41.0,W,SE,24.0,17.0,54.0,33.0,1022.1,1019.9,1.0,1.0,13.3,18.3,No,0,No
Sydney,2021-08-18,8.8,20.1,0.0,5.4,9.6,W,26.0,WNW,E,22.0,15.0,67.0,49.0,1026.1,1022.8,1.0,1.0,11.0,19.8,No,0,No
Sydney,2021-08-19,8.1,20.1,0.0,4.0,9.8,W,22.0,WNW,E,13.0,17.0,78.0,64.0,1024.7,1020.4,7.0,1.0,12.3,18.5,No,0,No
Sydney,2021-08-20,9.6,24.0,0.0,3.8,10.3,ENE,26.0,WNW,E,22.0,17.0,81.0,43.0,1021.5,1016.8,1.0,1.0,12.9,21.3,No,0,No
Sydney,2021-08-21,12.9,24.4,0.0,3.8,5.5,NNE,22.0,WNW,N,11.0,6.0,70.0,41.0,1020.3,1015.9,7.0,1.0,14.3,23.9,No,0,No
Sydney,2021-08-22,11.1,25.4,0.0,3.8,10.2,NE,37.0,WNW,NE,13.0,20.0,74.0,40.0,1021.0,1015.4,1.0,1.0,13.4,25.2,No,0,No
Sydney,2021-08-23,13.4,24.0,0.0,6.6,3.2,NW,63.0,NW,NW,24.0,30.0,53.0,44.0,1013.3,1009.1,5.0,7.0,21.6,22.9,No,0,Yes
Sydney,2021-08-24,9.3,11.5,32.6,7.0,0.0,W,74.0,W,W,33.0,31.0,97.0,98.0,1007.4,1002.3,8.0,8.0,9.3,9.7,Yes,0,Yes
Sydney,2021-08-25,7.9,15.7,39.8,,1.4,WSW,76.0,W,W,35.0,31.0,59.0,51.0,1010.8,1011.1,6.0,7.0,11.5,15.6,Yes,0,No
Sydney,2021-08-26,9.2,19.8,0.0,3.2,9.7,W,37.0,W,SSE,24.0,17.0,56.0,47.0,1018.2,1016.0,1.0,5.0,12.6,18.9,No,0,No
Sydney,2021-08-27,8.2,21.0,0.0,3.6,5.5,W,44.0,WNW,W,15.0,19.0,75.0,32.0,1016.9,1013.1,3.0,7.0,12.3,18.6,No,0,No
Sydney,2021-08-28,10.6,18.4,0.0,3.8,2.5,W,41.0,W,SSW,26.0,15.0,57.0,61.0,1016.8,1015.8,7.0,7.0,13.5,16.2,No,0,No
Sydney,2021-08-29,8.1,18.9,0.0,2.4,2.9,W,31.0,W,ENE,19.0,11.0,79.0,52.0,1015.9,1010.8,6.0,7.0,13.4,17.8,No,0,No
Sydney,2021-08-30,8.6,20.9,0.0,1.4,8.9,W,26.0,W,E,17.0,15.0,69.0,48.0,1018.9,1017.0,3.0,7.0,13.0,18.2,No,0,No
Sydney,2021-08-31,8.6,22.6,0.0,4.6,10.3,NE,28.0,WNW,E,15.0,19.0,76.0,48.0,1023.2,1019.7,0.0,1.0,13.3,20.9,No,0,No
Sydney,2021-09-01,10.5,25.7,0.0,5.0,10.7,W,24.0,WNW,E,19.0,13.0,62.0,44.0,1027.1,1026.2,3.0,1.0,14.7,22.9,No,0,No
Sydney,2021-09-02,13.5,22.6,0.0,3.4,8.6,NE,52.0,NE,NE,22.0,30.0,87.0,68.0,1030.3,1026.2,7.0,3.0,18.8,21.1,No,0,No
Sydney,2021-09-03,14.0,23.5,0.0,4.8,10.4,NE,52.0,N,NE,9.0,28.0,66.0,57.0,1026.1,1020.3,1.0,1.0,18.4,22.5,No,0,No
Sydney,2021-09-04,15.4,22.9,0.0,7.6,0.0,N,35.0,NNE,WNW,19.0,15.0,63.0,70.0,1019.2,1016.4,8.0,8.0,18.4,19.2,No,0,Yes
Sydney,2021-09-05,13.2,19.1,11.6,5.0,7.3,W,56.0,NW,W,19.0,33.0,59.0,39.0,1014.5,1013.7,1.0,6.0,15.1,18.0,Yes,0,Yes
Sydney,2021-09-06,9.4,18.9,0.8,4.8,10.7,WSW,52.0,W,S,28.0,33.0,55.0,35.0,1023.6,1024.0,1.0,1.0,13.4,18.0,Yes,0,Yes
Sydney,2021-09-07,7.2,24.4,0.2,5.6,10.7,WSW,50.0,WNW,W,19.0,20.0,57.0,25.0,1026.1,1022.9,1.0,1.0,14.0,24.0,Yes,0,No
Sydney,2021-09-08,9.6,21.7,0.0,5.0,10.7,ENE,26.0,W,ENE,13.0,17.0,63.0,58.0,1031.7,1026.8,1.0,0.0,15.0,19.5,No,0,No
Sydney,2021-09-09,9.7,28.3,0.0,7.8,9.5,NW,31.0,W,W,19.0,13.0,61.0,24.0,1026.5,1020.6,6.0,4.0,15.7,27.8,No,0,No
Sydney,2021-09-10,14.9,24.8,0.0,6.4,5.5,SSE,43.0,WNW,ESE,11.0,19.0,34.0,70.0,1021.5,1021.0,5.0,6.0,21.6,18.9,No,0,No
Sydney,2021-09-11,11.4,29.3,0.0,4.0,10.5,NNW,41.0,WNW,NNW,7.0,24.0,87.0,24.0,1017.7,1010.5,0.0,0.0,15.4,29.1,No,0,No
Sydney,2021-09-12,15.4,30.1,0.0,9.6,10.7,NW,59.0,NNW,WNW,26.0,35.0,32.0,13.0,1006.3,1002.1,1.0,1.0,23.7,29.3,No,0,No
Sydney,2021-09-13,12.1,17.7,0.0,11.6,6.4,S,54.0,SSW,SSE,11.0,22.0,54.0,57.0,1014.1,1015.5,3.0,7.0,16.0,15.9,No,0,Yes
Sydney,2021-09-14,9.7,15.9,18.4,7.2,5.0,SSW,57.0,SSW,SSW,13.0,20.0,75.0,91.0,1022.4,1022.1,5.0,7.0,12.5,11.7,Yes,0,Yes
Sydney,2021-09-15,8.8,18.0,4.8,2.6,9.9,nan,,,,,,70.0,61.0,1024.5,1022.5,1.0,2.0,13.5,16.4,Yes,0,Yes
Sydney,2021-09-16,8.6,18.3,0.4,4.4,7.3,nan,,nan,nan,,,80.0,62.0,1024.6,1022.0,5.0,3.0,12.8,16.6,Yes,0,Yes
Sydney,2021-09-17,9.5,21.3,0.2,2.8,10.8,nan,,nan,NE,,24.0,76.0,57.0,1023.0,1018.1,1.0,0.0,15.7,20.9,Yes,0,No
Sydney,2021-09-18,15.7,24.3,0.0,8.8,0.7,W,48.0,N,N,17.0,6.0,48.0,78.0,1013.5,1012.8,7.0,8.0,20.7,18.9,No,0,Yes
Sydney,2021-09-19,10.6,24.4,2.4,3.4,11.0,W,33.0,NW,WNW,15.0,15.0,44.0,25.0,1022.4,1017.1,1.0,1.0,17.5,23.8,Yes,0,No
Sydney,2021-09-20,14.2,26.4,0.0,7.4,10.5,W,65.0,N,WNW,22.0,28.0,39.0,20.0,1014.1,1007.5,0.0,1.0,20.5,26.0,No,0,No
Sydney,2021-09-21,9.9,17.4,0.0,9.4,9.3,SSW,65.0,WSW,S,17.0,33.0,45.0,45.0,1016.1,1017.9,3.0,5.0,12.9,17.0,No,0,Yes
Sydney,2021-09-22,8.1,19.8,3.2,5.8,10.6,SSW,44.0,W,SSE,20.0,17.0,56.0,52.0,1023.7,1021.8,1.0,1.0,14.6,19.5,Yes,0,No
Sydney,2021-09-23,10.0,26.6,0.0,4.0,11.0,WNW,28.0,WNW,ENE,22.0,17.0,61.0,49.0,1020.3,1014.8,1.0,0.0,16.5,22.4,No,0,No
Sydney,2021-09-24,11.7,27.1,0.0,5.8,10.8,W,48.0,WNW,WNW,11.0,28.0,48.0,30.0,1014.4,1008.8,0.0,4.0,21.0,25.6,No,0,No
Sydney,2021-09-25,13.6,21.5,0.0,9.2,9.0,SE,50.0,SSW,SSE,20.0,37.0,31.0,64.0,1015.3,1016.8,1.0,6.0,20.0,16.5,No,0,Yes
Sydney,2021-09-26,10.9,16.0,3.0,7.4,3.1,SSE,48.0,S,SSE,26.0,20.0,63.0,60.0,1026.3,1025.9,7.0,7.0,13.9,15.5,Yes,0,Yes
Sydney,2021-09-27,9.7,21.0,0.4,4.4,5.8,E,33.0,W,NE,9.0,20.0,74.0,53.0,1026.5,1021.9,7.0,7.0,15.3,18.3,Yes,0,No
Sydney,2021-09-28,10.6,21.9,0.0,5.8,8.5,NE,48.0,NNE,NE,4.0,17.0,65.0,67.0,1022.0,1017.2,2.0,4.0,18.0,19.2,No,0,No
Sydney,2021-09-29,14.1,21.9,0.0,5.8,2.7,ENE,24.0,NE,NE,7.0,11.0,63.0,93.0,1017.9,1014.2,6.0,8.0,20.6,16.9,No,0,Yes
Sydney,2021-09-30,14.5,23.7,2.4,0.2,7.9,ENE,33.0,NNE,NE,9.0,13.0,75.0,64.0,1012.4,1008.9,5.0,6.0,20.7,23.1,Yes,0,No
Sydney,2021-10-01,14.8,24.7,0.0,5.2,4.6,W,80.0,W,E,9.0,24.0,81.0,66.0,1007.8,1002.3,8.0,5.0,17.1,21.8,No,0,Yes
Sydney,2021-10-02,11.9,24.9,3.2,7.0,7.8,SW,37.0,W,E,7.0,17.0,67.0,70.0,1004.6,1001.9,1.0,7.0,18.9,19.4,Yes,0,Yes
Sydney,2021-10-03,12.9,26.0,7.0,4.6,9.1,W,41.0,WNW,W,11.0,17.0,100.0,41.0,1004.7,1001.2,1.0,5.0,15.0,24.1,Yes,0,No
Sydney,2021-10-04,15.0,28.3,0.0,4.4,10.9,WNW,54.0,SSE,WSW,4.0,20.0,73.0,36.0,999.6,998.2,1.0,2.0,19.0,26.5,No,0,No
Sydney,2021-10-05,12.8,22.6,0.0,9.8,11.0,WNW,59.0,,WSW,,31.0,49.0,24.0,1008.1,1007.5,2.0,1.0,16.0,21.8,No,0,No
Sydney,2021-10-06,11.5,24.9,0.0,5.0,11.4,W,43.0,W,ENE,28.0,20.0,54.0,43.0,1016.1,1012.0,0.0,0.0,14.7,22.3,No,0,No
Sydney,2021-10-07,12.7,31.0,0.0,7.6,7.3,SSW,83.0,NNW,W,9.0,22.0,39.0,21.0,1009.4,1005.7,6.0,3.0,17.6,30.5,No,0,No
Sydney,2021-10-08,15.8,22.8,0.0,9.4,8.8,ENE,43.0,WNW,NE,6.0,26.0,69.0,54.0,1019.0,1017.0,3.0,1.0,16.4,21.4,No,0,No
Sydney,2021-10-09,13.4,25.6,0.0,7.8,10.3,NNE,31.0,WNW,ESE,9.0,11.0,84.0,55.0,1017.3,1012.5,7.0,1.0,16.2,24.6,No,0,No
Sydney,2021-10-10,16.2,25.5,0.0,7.6,4.6,S,65.0,,SSW,,35.0,66.0,86.0,1009.1,1007.1,7.0,7.0,20.9,18.2,No,0,Yes
Sydney,2021-10-11,10.3,15.5,14.4,4.6,0.0,S,54.0,SW,S,13.0,17.0,94.0,89.0,1016.0,1016.3,8.0,8.0,11.0,13.2,Yes,0,Yes
Sydney,2021-10-12,10.9,17.3,2.0,2.2,0.1,ESE,43.0,E,ESE,24.0,22.0,66.0,57.0,1018.9,1016.9,7.0,7.0,15.0,16.7,Yes,0,Yes
Sydney,2021-10-13,13.7,18.4,3.2,3.2,0.0,E,52.0,E,ENE,24.0,31.0,98.0,92.0,1017.0,1013.1,8.0,8.0,14.5,17.3,Yes,0,Yes
Sydney,2021-10-14,14.4,24.1,8.2,3.8,5.4,NNE,59.0,N,NE,13.0,24.0,82.0,77.0,1009.6,1004.1,7.0,7.0,17.9,22.0,Yes,0,Yes
Sydney,2021-10-15,13.1,22.1,10.0,7.2,8.3,WNW,74.0,WSW,WNW,24.0,28.0,67.0,59.0,1003.4,999.6,5.0,5.0,16.3,16.4,Yes,0,Yes
Sydney,2021-10-16,12.6,23.3,0.8,8.0,8.1,W,74.0,W,WSW,26.0,28.0,51.0,36.0,1002.9,1003.0,3.0,2.0,17.0,22.2,Yes,0,No
Sydney,2021-10-17,12.5,23.1,0.0,6.0,12.1,W,44.0,W,E,20.0,19.0,52.0,51.0,1014.6,1013.1,1.0,1.0,16.0,21.9,No,0,No
Sydney,2021-10-18,12.3,25.1,0.0,8.0,11.9,ENE,30.0,W,ENE,19.0,22.0,85.0,42.0,1016.8,1012.7,1.0,1.0,16.5,23.8,No,0,No
Sydney,2021-10-19,14.3,24.2,0.0,7.8,8.6,SSW,65.0,NNE,S,6.0,30.0,65.0,68.0,1015.6,1014.7,3.0,7.0,19.0,19.7,No,0,No
Sydney,2021-10-20,11.9,23.5,0.0,4.2,10.4,ESE,31.0,W,SE,15.0,15.0,75.0,49.0,1017.8,1016.7,5.0,2.0,15.1,23.0,No,0,No
Sydney,2021-10-21,13.4,24.8,0.0,5.6,11.8,E,28.0,WNW,E,11.0,17.0,89.0,56.0,1017.8,1015.7,2.0,2.0,17.3,24.7,No,0,No
Sydney,2021-10-22,15.3,25.1,0.0,6.4,10.5,E,26.0,NW,E,4.0,17.0,87.0,63.0,1018.0,1015.4,3.0,2.0,18.2,24.2,No,0,No
Sydney,2021-10-23,16.1,25.2,0.0,6.8,11.3,NE,35.0,NE,E,15.0,22.0,90.0,72.0,1013.7,1010.0,1.0,4.0,20.0,24.5,No,0,Yes
Sydney,2021-10-24,16.5,22.8,3.6,6.2,11.3,SSW,52.0,S,ESE,19.0,26.0,76.0,54.0,1015.5,1014.2,6.0,1.0,18.7,21.8,Yes,0,Yes
Sydney,2021-10-25,13.3,23.2,2.2,6.4,11.8,ESE,41.0,W,SE,17.0,22.0,78.0,52.0,1016.5,1014.7,3.0,1.0,16.7,20.9,Yes,0,No
Sydney,2021-10-26,12.7,23.4,0.0,10.0,12.0,ESE,31.0,WNW,ESE,9.0,22.0,65.0,51.0,1020.5,1017.8,2.0,3.0,17.2,21.5,No,0,No
Sydney,2021-10-27,16.0,25.4,0.0,5.8,11.1,ENE,28.0,E,ENE,4.0,22.0,76.0,63.0,1019.2,1014.6,6.0,1.0,19.1,24.7,No,0,No
Sydney,2021-10-28,16.3,30.4,0.0,5.6,9.4,E,28.0,W,E,15.0,17.0,79.0,56.0,1012.4,1008.5,6.0,7.0,20.1,26.8,No,0,No
Sydney,2021-10-29,20.1,33.0,0.0,7.2,8.0,W,81.0,NNW,W,9.0,50.0,42.0,31.0,1002.8,1001.5,7.0,2.0,24.3,31.6,No,0,No
Sydney,2021-10-30,16.0,20.9,0.0,11.4,5.5,SSE,41.0,SSE,SE,17.0,24.0,57.0,50.0,1017.9,1017.9,7.0,7.0,17.2,19.1,No,0,No
Sydney,2021-10-31,11.8,23.0,0.0,8.6,7.9,ENE,31.0,WNW,E,13.0,20.0,63.0,47.0,1025.9,1024.3,3.0,1.0,16.3,21.6,No,0,No
Sydney,2021-11-01,12.9,24.6,0.0,5.2,4.3,ENE,33.0,W,NE,4.0,17.0,70.0,57.0,1026.5,1024.0,7.0,7.0,17.8,21.6,No,0,No
Sydney,2021-11-02,16.4,25.9,0.0,6.6,11.1,ENE,43.0,E,ENE,11.0,30.0,72.0,56.0,1027.7,1026.4,3.0,5.0,21.0,25.0,No,0,No
Sydney,2021-11-03,17.3,25.1,0.0,7.4,10.9,NE,46.0,NNE,NE,20.0,26.0,60.0,51.0,1026.9,1022.9,3.0,7.0,21.3,24.8,No,0,No
Sydney,2021-11-04,18.2,20.7,0.0,10.0,0.0,ENE,22.0,E,NE,13.0,11.0,73.0,86.0,1021.5,1020.6,8.0,8.0,20.4,20.1,No,0,Yes
Sydney,2021-11-05,16.7,25.0,7.6,1.4,1.6,ENE,41.0,ENE,ENE,9.0,24.0,90.0,69.0,1021.5,1018.9,8.0,7.0,19.4,23.1,Yes,0,No
Sydney,2021-11-06,16.2,26.0,0.0,4.6,11.6,NNE,48.0,E,NE,13.0,22.0,78.0,57.0,1015.9,1010.7,2.0,1.0,20.0,25.2,No,0,Yes
Sydney,2021-11-07,17.9,26.1,0.4,7.6,0.5,W,30.0,W,NNW,13.0,7.0,89.0,84.0,1009.8,1006.8,8.0,8.0,19.6,19.8,Yes,0,Yes
Sydney,2021-11-08,17.8,24.8,9.6,1.0,7.2,ESE,30.0,E,ESE,6.0,19.0,92.0,67.0,1008.2,1007.7,7.0,6.0,19.6,23.2,Yes,0,Yes
Sydney,2021-11-09,17.1,24.8,1.4,6.8,8.2,ENE,28.0,SSW,ENE,15.0,15.0,83.0,68.0,1013.0,1010.7,7.0,6.0,18.9,23.7,Yes,0,No
Sydney,2021-11-10,18.8,21.1,0.0,4.4,0.4,nan,,NW,ESE,9.0,4.0,85.0,98.0,1009.1,1006.9,7.0,8.0,20.9,19.5,No,0,Yes
Sydney,2021-11-11,17.5,19.4,17.6,1.2,0.0,SSE,44.0,SSE,SSE,26.0,19.0,86.0,83.0,1006.5,1005.9,8.0,8.0,18.4,17.6,Yes,0,Yes
Sydney,2021-11-12,13.0,22.4,16.8,5.2,4.0,NW,39.0,W,SSE,20.0,17.0,99.0,73.0,998.1,994.5,8.0,6.0,14.6,20.4,Yes,0,Yes
Sydney,2021-11-13,14.6,21.4,0.2,4.4,7.5,WNW,69.0,WNW,WNW,33.0,37.0,50.0,42.0,998.2,997.4,3.0,7.0,17.6,20.6,Yes,0,Yes
Sydney,2021-11-14,13.3,23.2,0.4,10.2,10.7,NW,67.0,WNW,W,28.0,35.0,47.0,32.0,1007.7,1003.9,7.0,5.0,17.4,23.1,Yes,0,Yes
Sydney,2021-11-15,13.0,24.1,0.8,6.4,11.8,WSW,54.0,W,WNW,30.0,31.0,41.0,31.0,1007.5,1007.0,1.0,3.0,16.8,21.3,Yes,0,No
Sydney,2021-11-16,13.7,21.6,0.0,8.8,13.0,ESE,41.0,WSW,ESE,20.0,26.0,41.0,44.0,1015.9,1017.1,1.0,1.0,17.0,20.1,No,0,No
Sydney,2021-11-17,13.5,22.5,0.0,8.0,10.1,E,31.0,SSE,E,11.0,19.0,63.0,55.0,1024.6,1022.6,5.0,2.0,17.2,22.0,No,0,No
Sydney,2021-11-18,14.9,25.3,0.0,8.0,11.3,NE,44.0,NNE,NE,19.0,26.0,71.0,62.0,1021.2,1015.5,3.0,1.0,19.9,24.5,No,0,Yes
Sydney,2021-11-19,19.0,30.5,1.0,7.6,3.4,SSW,59.0,ESE,ENE,6.0,24.0,89.0,45.0,1013.4,1010.0,8.0,8.0,19.1,29.4,Yes,0,Yes
Sydney,2021-11-20,17.3,21.0,0.2,4.2,0.2,SSE,37.0,E,SSE,4.0,19.0,84.0,81.0,1010.7,1010.8,8.0,8.0,19.2,18.6,Yes,0,Yes
Sydney,2021-11-21,15.3,19.2,13.0,3.6,0.0,ESE,52.0,S,SSE,17.0,28.0,97.0,98.0,1016.3,1015.8,8.0,8.0,16.0,16.0,Yes,0,Yes
Sydney,2021-11-22,15.4,22.3,18.4,2.0,4.0,SSE,44.0,SSE,SSE,28.0,24.0,74.0,64.0,1022.4,1021.1,7.0,5.0,18.8,21.8,Yes,0,Yes
Sydney,2021-11-23,16.3,22.7,2.8,4.8,2.6,ESE,30.0,ESE,ESE,20.0,13.0,88.0,78.0,1021.2,1019.1,7.0,7.0,18.8,21.9,Yes,0,Yes
Sydney,2021-11-24,17.8,27.6,0.4,2.2,3.8,NE,48.0,ESE,ENE,7.0,26.0,90.0,71.0,1017.3,1014.0,8.0,7.0,21.0,26.3,Yes,0,Yes
Sydney,2021-11-25,19.8,24.5,6.0,5.0,0.2,NE,31.0,E,NE,6.0,11.0,98.0,90.0,1011.7,1007.2,8.0,7.0,21.1,23.5,Yes,0,Yes
Sydney,2021-11-26,16.5,18.7,21.4,8.8,0.0,S,63.0,SSW,S,26.0,33.0,98.0,86.0,1009.0,1009.9,8.0,8.0,17.1,18.3,Yes,0,Yes
Sydney,2021-11-27,15.2,18.7,17.0,2.6,0.7,SSE,59.0,S,S,22.0,33.0,95.0,68.0,1018.1,1018.7,8.0,7.0,15.2,18.3,Yes,0,Yes
Sydney,2021-11-28,15.1,21.2,2.0,4.6,4.1,SSE,46.0,SSE,S,28.0,26.0,75.0,56.0,1022.4,1021.1,5.0,7.0,17.5,19.7,Yes,0,No
Sydney,2021-11-29,14.0,23.3,0.0,4.0,3.2,ESE,28.0,S,E,11.0,13.0,67.0,60.0,1021.1,1018.5,7.0,6.0,18.6,20.5,No,0,No
Sydney,2021-11-30,18.1,23.3,0.0,5.8,0.0,NE,26.0,E,ESE,6.0,11.0,80.0,86.0,1018.7,1016.5,8.0,8.0,20.3,21.8,No,0,Yes
Sydney,2021-12-01,19.3,26.8,1.0,2.0,6.9,E,33.0,NE,ENE,11.0,20.0,80.0,61.0,1016.3,1014.6,7.0,5.0,22.8,26.2,Yes,0,No
Sydney,2021-12-02,18.3,27.4,0.0,6.4,10.9,ENE,37.0,ESE,E,6.0,26.0,79.0,63.0,1017.2,1015.2,3.0,1.0,22.8,27.1,No,0,Yes
Sydney,2021-12-03,18.5,27.3,0.4,8.8,8.0,S,57.0,E,SSE,11.0,31.0,75.0,73.0,1014.2,1015.3,0.0,8.0,23.3,22.9,Yes,0,Yes
Sydney,2021-12-04,17.9,23.1,0.2,5.6,0.2,SSE,54.0,S,SSE,19.0,31.0,86.0,61.0,1013.8,1013.5,8.0,7.0,19.5,22.1,Yes,0,Yes
Sydney,2021-12-05,16.8,19.7,0.4,8.0,0.0,S,43.0,SSW,ESE,6.0,24.0,86.0,62.0,1021.7,1022.2,8.0,8.0,17.3,18.7,Yes,0,Yes
Sydney,2021-12-06,16.7,23.3,1.0,5.0,0.0,E,31.0,E,NE,13.0,17.0,65.0,60.0,1020.4,1017.6,8.0,8.0,19.7,20.9,Yes,0,No
Sydney,2021-12-07,17.5,26.9,0.0,3.0,6.6,NNE,43.0,W,ENE,7.0,20.0,72.0,68.0,1012.7,1008.9,7.0,3.0,21.4,26.2,No,0,Yes
Sydney,2021-12-08,17.5,20.1,15.4,5.4,0.0,S,56.0,SSW,S,22.0,17.0,89.0,84.0,1014.5,1013.0,8.0,8.0,17.9,18.7,Yes,0,Yes
Sydney,2021-12-09,16.2,24.7,14.2,1.8,8.0,W,39.0,SSE,SE,13.0,20.0,87.0,74.0,1010.7,1007.6,6.0,5.0,19.8,23.6,Yes,0,Yes
Sydney,2021-12-10,13.9,22.7,18.4,6.4,4.7,WNW,56.0,WNW,W,19.0,24.0,63.0,94.0,1005.7,1006.4,1.0,8.0,18.2,15.6,Yes,0,Yes
Sydney,2021-12-11,14.1,22.6,10.0,5.2,8.0,S,59.0,SSW,S,20.0,39.0,68.0,55.0,1014.9,1014.8,7.0,3.0,17.0,21.6,Yes,0,Yes
Sydney,2021-12-12,15.1,23.6,0.4,7.4,10.5,SSE,44.0,SSW,S,20.0,28.0,71.0,58.0,1018.5,1016.6,6.0,2.0,18.4,22.0,Yes,0,No
Sydney,2021-12-13,16.2,24.8,0.0,7.8,11.6,ESE,33.0,SSW,ESE,11.0,19.0,57.0,56.0,1016.5,1014.0,3.0,1.0,20.6,23.7,No,0,No
Sydney,2021-12-14,14.9,25.8,0.0,8.0,11.6,ESE,26.0,WNW,E,7.0,20.0,72.0,59.0,1015.0,1014.6,7.0,7.0,20.4,25.3,No,0,No
Sydney,2021-12-15,16.3,28.0,0.0,5.0,12.1,SSW,57.0,WSW,ENE,6.0,20.0,76.0,51.0,1013.7,1008.8,0.0,1.0,21.4,27.0,No,0,Yes
Sydney,2021-12-16,20.0,25.7,6.2,11.6,6.3,SSE,41.0,S,SE,17.0,20.0,82.0,73.0,1013.1,1013.6,7.0,7.0,21.8,22.7,Yes,0,No
Sydney,2021-12-17,18.4,26.4,0.0,6.2,6.3,ENE,41.0,S,E,4.0,24.0,79.0,60.0,1018.4,1015.3,7.0,3.0,21.4,26.0,No,0,No
Sydney,2021-12-18,19.0,30.9,0.0,5.2,10.8,SSW,59.0,E,NE,11.0,13.0,77.0,63.0,1013.9,1009.5,7.0,5.0,23.9,29.5,No,0,Yes
Sydney,2021-12-19,21.4,34.6,3.4,11.4,4.4,WSW,78.0,NNE,W,13.0,31.0,69.0,36.0,1009.3,1006.0,7.0,7.0,26.9,33.1,Yes,0,Yes
Sydney,2021-12-20,20.4,29.1,0.2,8.0,10.4,ENE,31.0,SSE,E,11.0,20.0,76.0,70.0,1014.1,1011.2,7.0,1.0,24.4,28.1,Yes,0,No
Sydney,2021-12-21,21.2,31.5,0.0,7.2,13.4,ESE,28.0,S,SE,9.0,13.0,62.0,42.0,1012.5,1009.9,1.0,1.0,26.1,30.3,No,0,No
Sydney,2021-12-22,21.3,28.5,0.0,12.2,2.5,S,33.0,SSW,SE,11.0,20.0,78.0,62.0,1012.6,1010.9,8.0,7.0,22.8,28.1,No,0,Yes
Sydney,2021-12-23,21.0,27.0,18.0,6.2,1.3,ENE,35.0,NNE,ENE,4.0,20.0,95.0,84.0,1012.5,1010.8,8.0,7.0,22.5,26.9,Yes,0,Yes
Sydney,2021-12-24,19.8,28.1,10.6,1.6,9.8,SSW,37.0,S,ESE,22.0,17.0,82.0,67.0,1015.3,1013.2,4.0,1.0,21.6,27.7,Yes,0,No
Sydney,2021-12-25,20.7,29.4,0.0,5.0,10.6,ENE,44.0,E,NE,6.0,28.0,80.0,67.0,1014.9,1012.0,3.0,1.0,24.4,28.9,No,0,No
Sydney,2021-12-26,20.4,27.3,0.0,12.8,4.0,SSW,56.0,SSE,S,19.0,20.0,78.0,75.0,1015.0,1013.1,7.0,7.0,24.8,24.4,No,0,Yes
Sydney,2021-12-27,18.4,22.8,5.0,6.4,1.6,S,59.0,SSW,S,26.0,30.0,79.0,67.0,1017.8,1017.3,7.0,7.0,19.7,21.5,Yes,0,Yes
Sydney,2021-12-28,16.1,22.5,18.0,6.4,3.5,SSE,46.0,WSW,ENE,13.0,17.0,83.0,65.0,1020.0,1019.2,7.0,7.0,17.7,20.8,Yes,0,Yes
Sydney,2021-12-29,14.9,23.8,5.4,5.4,7.8,SSW,28.0,W,N,19.0,7.0,89.0,88.0,1019.3,1017.4,6.0,7.0,17.3,19.6,Yes,0,Yes
Sydney,2021-12-30,15.7,27.2,4.6,5.0,12.9,NE,41.0,WNW,E,13.0,24.0,75.0,59.0,1017.7,1015.9,1.0,1.0,20.7,26.6,Yes,0,No
Sydney,2021-12-31,17.6,28.1,0.0,11.2,12.6,ENE,46.0,NNE,NE,17.0,22.0,73.0,61.0,1016.4,1013.9,1.0,1.0,22.4,27.4,No,0,No
