Location,MinTemp,MaxTemp,Rainfall,Evaporation,Sunshine,WindGustDir,WindGustSpeed,WindDir9am,WindDir3pm,WindSpeed9am,WindSpeed3pm,Humidity9am,Humidity3pm,Pressure9am,Pressure3pm,Cloud9am,Cloud3pm,Temp9am,Temp3pm,RainToday,RainTomorrow,Month
0,0.12488550477927765,-0.008667278505984855,0.0015224963000044817,-0.0036059833433034457,-0.23856536850231685,11,-0.0014974550616431714,11,11,0.02965908111602824,0.013859306190930005,0.019666502208774073,0.09909684098252662,1.736554404703597,1.7125002961782114,0.6024072999341218,0.47787001599899614,0.08302479191139311,0.0041672244521563755,1,1,01
0,0.08479116515663616,-0.000808732337026141,0.004217914089761894,0.008807809760144832,-0.23856536850231685,1,-0.01712245506164317,16,3,-0.03930643612535107,-0.14706023403895505,0.211585694127966,0.3390968409825266,1.6533597291628315,1.6048330857377544,0.6024072999341218,0.6028700159989961,0.03625419057509018,-0.005733765646853526,1,1,01
0,0.12960248591135312,0.079741365894801,0.011226000343131166,-0.0049852936881310305,-0.035768165705114076,2,-0.03274745506164317,5,5,-0.03930643612535107,0.013859306190930005,0.2923937749360468,0.2290968409825266,1.5335593963841303,1.4939032325566788,0.6024072999341218,-0.022129984001003855,0.08302479191139311,0.10119692742245338,1,1,01
0,0.18620625949625874,0.10331700440167721,-0.008181007743122203,0.001911258036006901,-0.15464928458623292,14,0.31881504493835683,8,1,-0.1197662062402936,-0.11257747541826539,0.211585694127966,0.20909684098252662,1.483642591059671,1.448226234187999,0.6024072999341218,0.47787001599899614,0.12311387877108132,0.10515732346205732,1,1,01
0,0.1602628632698437,0.10921091402839629,0.02524217284986971,-0.000847362653648274,0.4887073587704104,11,0.014127544938356829,15,1,-0.03930643612535107,0.0023650533173667863,0.1711816537239256,0.1590968409825266,1.5219121418084223,1.4971658752972974,0.3524072999341218,0.10287001599899614,0.11865953578667154,0.09525633336304742,1,1,01
0,0.17205531610003238,0.05813036393016443,-0.005485589953364791,0.023980223553248282,-0.014789144726093077,11,0.11569004493835683,12,10,0.0641418397367179,0.1402960878001254,0.12067660321887508,0.11909684098252661,1.6167540719248958,1.621146299440854,0.4774072999341218,0.22787001599899614,0.11197802131005682,0.06951375910562167,1,1,01
0,0.13903644817550403,0.02080226962761043,-0.004946506395413309,0.043290568380834483,0.32087519093824257,11,0.13912754493835683,11,10,0.11011885123097077,0.013859306190930005,-0.11164662910435724,0.1590968409825266,1.7165876825738144,1.7206569030297614,0.2274072999341218,0.35287001599899614,0.11420519280226168,0.016048412570968215,1,1,01
0,0.12016852364720221,0.00508517728969293,0.0047569976477133775,0.029497464932558625,0.006189876252927889,11,0.10006504493835683,11,10,0.0641418397367179,0.10581332917943576,-0.12174763920536734,0.04909684098252662,1.7665044878982736,1.7549146518062706,0.4774072999341218,0.47787001599899614,0.0763432774347784,0.035850392768988014,1,0,01
0,0.09894210855286253,0.08367063897928036,-0.00979825841697665,0.021221602863593106,0.6005954706585223,3,-0.03274745506164317,10,3,0.0641418397367179,-0.020623452429759652,-0.051040568498296635,-0.020903159017473385,1.7548572333225658,1.7271821885110008,0.10240729993412179,-0.27212998400100386,0.1097508498178519,0.12099890762047318,0,0,01
0,0.10601758025097575,0.10528164094391693,-0.00979825841697665,0.018462982173937933,0.6984975685606202,1,-0.06399745506164317,14,1,-0.03930643612535107,0.059836317685182876,0.10047458301685488,0.019096840982526616,1.7265710436387067,1.6912931183641828,-0.2725927000658782,-0.27212998400100386,0.09193347788021268,0.13486029375908704,0,0,01
0,0.13431946704342856,0.12099873328183443,-0.00979825841697665,0.06122160286359312,0.6775185475815991,5,0.02975254493835683,7,5,-0.1197662062402936,0.03684781193805644,0.06007054261281448,-0.010903159017473385,1.6949570669332141,1.6456161199955033,-0.022592700065878213,-0.27212998400100386,0.1052965068334421,0.1526820759373049,0,0,01
0,0.148470410439655,0.1347511890775122,-0.00979825841697665,0.0419112580360069,0.6425535126165642,5,0.014127544938356829,1,2,-0.08528344761960395,-0.04361195817688609,0.029767512309784177,0.09909684098252662,1.6300652200114174,1.5917825147752755,0.3524072999341218,0.47787001599899614,0.14093125070872053,0.15466227395710683,0,0,01
0,0.19799871232644742,0.14457437178871063,-0.00979825841697665,0.04880780976014483,0.6425535126165642,5,0.03756504493835683,1,2,-0.14275471198742004,0.03684781193805644,0.09037357291584479,0.019096840982526616,1.6716625577818003,1.6309342276627141,0.2274072999341218,-0.27212998400100386,0.14538559369313034,0.1804048482145326,0,0,01
0,0.19564022176040974,0.179937829549025,-0.00979825841697665,0.05432505113945518,0.32087519093824257,9,0.13131504493835683,5,2,-0.062294941872477506,0.10581332917943576,0.1307776133198852,0.08909684098252661,1.5551900120247286,1.4759586974832688,0.4774072999341218,-0.27212998400100386,0.13647690772431068,0.17644445217492863,0,0,01
0,0.19092324062833427,0.111175550570636,-0.00979825841697665,0.051566430449800006,0.39080526086831247,16,0.06881504493835683,12,1,0.006670575368901802,0.059836317685182876,0.09037357291584479,0.1290968409825266,1.5152565677651615,1.4188624495224207,0.4774072999341218,0.47787001599899614,0.11420519280226168,0.11703851158086924,0,0,01
0,0.11309305194908897,0.08956454860599943,-0.00979825841697665,0.052945740794627584,0.6845115545746061,14,0.10006504493835683,14,3,0.11011885123097077,-0.020623452429759652,-0.3540708715285997,-0.2109031590174734,1.5335593963841303,1.508585124889468,-0.3975927000658782,-0.39712998400100386,0.051844391020524544,0.12297910564027519,0,0,01
0,0.08950814628871162,0.09152918514823914,-0.00979825841697665,0.0419112580360069,0.5866094566725083,3,0.02975254493835683,14,3,0.0641418397367179,0.08282482343230932,-0.23285875031647846,-0.030903159017473383,1.6100984978816348,1.6048330857377544,-0.3975927000658782,-0.14712998400100386,0.07857044892698332,0.10911771950166127,0,0,01
0,0.13903644817550403,0.15046828141542973,-0.00979825841697665,0.04604918907048965,0.6635325335955852,1,-0.03274745506164317,8,5,-0.03930643612535107,0.0023650533173667863,0.07017155271382458,-0.000903159017473385,1.6184179654357114,1.5444741950362875,-0.2725927000658782,-0.27212998400100386,0.12311387877108132,0.19030583831354247,0,0,01
0,0.20271569345852297,0.05420109084568507,-0.00979825841697665,0.03915263734635172,-0.18262131255826092,11,0.11569004493835683,11,9,0.11011885123097077,0.08282482343230932,0.08027256281483468,0.039096840982526616,1.6367207940546784,1.683136511512633,0.2274072999341218,0.6028700159989961,0.13870407921651562,0.01802861059077022,0,1,01
0,0.10601758025097575,0.012943723458651715,-0.0065637570692677555,0.03639401665669655,-0.07073320067014903,10,-0.08743495506164317,11,10,-0.016317930378224633,-0.04361195817688609,0.09037357291584479,0.019096840982526616,1.764840594387458,1.7402327594734814,0.6024072999341218,0.47787001599899614,0.0429357050517049,0.03387019474918608,1,1,01
0,0.06356475006229649,0.11314018711287564,-0.009259174859025167,0.012945740794627588,0.6915045615676132,5,0.03756504493835683,15,1,-0.016317930378224633,0.10581332917943576,0.06007054261281448,-0.06090315901747338,1.7115960020413674,1.6309342276627141,-0.2725927000658782,-0.27212998400100386,0.049617219528319614,0.14476128385809692,1,0,01
0,0.13667795760946633,0.20547810459814086,-0.00979825841697665,0.04604918907048965,0.6705255405885922,4,0.014127544938356829,1,1,-0.1197662062402936,-0.020623452429759652,0.07017155271382458,-0.000903159017473385,1.5651733730896207,1.4971658752972974,-0.1475927000658782,-0.27212998400100386,0.11865953578667154,0.20812762049176028,0,0,01
0,0.22630059911890033,0.185831739175744,-0.00979825841697665,0.05432505113945518,0.6005954706585223,1,-0.06399745506164317,12,1,0.052647586863154676,-0.020623452429759652,0.04996953251180438,0.04909684098252662,1.5851400952194052,1.560787408739387,-0.2725927000658782,-0.27212998400100386,0.18992902353722832,0.20020682841255238,0,0,01
0,0.228659089684938,0.23101837964725686,-0.00979825841697665,0.03915263734635172,0.5516444217074734,6,0.05319004493835683,1,5,-0.062294941872477506,-0.06660046392401252,0.18128266382493569,-0.06090315901747338,1.581812308197774,1.528160981333188,-0.2725927000658782,-0.14712998400100386,0.17879316607620382,0.24377118484819602,0,0,01
0,0.22158361798682477,0.19369028534470273,-0.00979825841697665,0.06949746493255864,0.6285674986305503,5,0.014127544938356829,1,2,0.006670575368901802,-0.04361195817688609,0.07017155271382458,0.019096840982526616,1.5302316093624988,1.4743273761129585,0.2274072999341218,-0.27212998400100386,0.18102033756840868,0.20020682841255238,0,0,01
0,0.21686663685474933,0.2879928393722077,-0.00979825841697665,0.0626009132084207,0.42577029583334747,6,0.06881504493835683,10,5,-0.09677770049316717,0.03684781193805644,0.1408786234208953,-0.16090315901747337,1.4187507441378742,1.3650288443021932,-0.2725927000658782,0.47787001599899614,0.18992902353722832,0.2952563333630474,0,0,01
0,0.20743267459059841,0.02080226962761043,-0.00979825841697665,0.0626009132084207,-0.22457935451630284,11,0.11569004493835683,9,9,0.15609586272522363,0.059836317685182876,0.1408786234208953,0.28909684098252664,1.5635094795788052,1.6113583712189938,0.6024072999341218,0.6028700159989961,0.12756822175549112,0.016048412570968215,0,1,01
0,0.14375342930757956,0.0011559042052135726,0.04141467958841418,0.010187120104972419,-0.23856536850231685,11,0.05319004493835683,10,3,0.08713034548384434,0.1288018349265622,0.1711816537239256,0.1890968409825266,1.71825157608463,1.7108689748079011,0.6024072999341218,0.6028700159989961,0.08302479191139311,0.025949402669978115,1,1,01
0,0.14375342930757956,0.007049813831932644,0.011226000343131166,0.001911258036006901,-0.23856536850231685,1,0.05319004493835683,1,1,0.1331073569780972,0.10581332917943576,0.2519897345320064,0.4290968409825266,1.6816459188466926,1.6341968704033347,0.6024072999341218,0.6028700159989961,0.07857044892698332,0.0021870264323543675,1,1,01
0,0.1696968255339946,0.12492800636631379,0.06998610815984276,-0.0077439143777862035,0.04814791821096982,2,-0.0014974550616431714,4,5,-0.09677770049316717,-0.06660046392401252,0.2721917547340266,0.2690968409825266,1.5784845211761425,1.546105516406596,0.6024072999341218,0.35287001599899614,0.13424973623210582,0.12693950167987914,1,1,01
0,0.2192251274207871,0.018837633085370717,-0.008720091301073686,0.030876775277386213,-0.23856536850231685,11,0.08444004493835683,9,11,0.1331073569780972,0.059836317685182876,0.15097963352190538,0.3290968409825266,1.6284013265006019,1.6488787627361239,0.6024072999341218,0.6028700159989961,0.1431584222009254,0.02990979870958206,1,1,01
0,0.19328173119437198,0.12689264290855343,-0.007641924185170721,-0.017399086791579307,0.23695910702215864,6,0.03756504493835683,9,3,-0.08528344761960395,-0.020623452429759652,0.15097963352190538,0.11909684098252661,1.6417124745871254,1.578731943812795,0.4774072999341218,-0.27212998400100386,0.11865953578667154,0.15664247197690884,1,1,02
0,0.11781003308116443,0.06598891009912322,0.03710201112480232,0.03225608562221379,0.17402204408509575,12,0.02975254493835683,13,10,0.02965908111602824,0.059836317685182876,0.1610806436229155,0.039096840982526616,1.5485344379814676,1.5493681591472166,0.4774072999341218,-0.14712998400100386,0.051844391020524544,0.05565237296700782,1,1,02
0,0.11781003308116443,0.06598891009912322,0.0036788305318104114,0.03363539596704138,0.4117842818473335,9,-0.06399745506164317,12,3,0.006670575368901802,-0.020623452429759652,0.009565492107763973,-0.000903159017473385,1.6017790303275583,1.5836259079237258,-0.2725927000658782,0.22787001599899614,0.05852590549713918,0.08535534326403753,1,0,02
0,0.12724399534531533,0.12689264290855343,-0.00979825841697665,0.02673884424290345,0.4677283377913894,5,0.06881504493835683,0,5,0.0,0.1288018349265622,0.1711816537239256,0.05909684098252661,1.5967873497951113,1.5412115522956669,0.3524072999341218,0.22787001599899614,0.1052965068334421,0.14476128385809692,0,0,02
0,0.19564022176040974,0.11510482365511536,-0.00979825841697665,0.037773327001524144,0.5446514147144663,5,0.11569004493835683,5,5,0.02965908111602824,0.16328459354725183,0.1307776133198852,0.14909684098252662,1.575156734154513,1.5248983385925674,-0.1475927000658782,-0.14712998400100386,0.14983993667754011,0.1526820759373049,0,0,02
0,0.2097911651566361,0.042413271592247004,-0.00979825841697665,0.0419112580360069,-0.16164229157923993,5,-0.01712245506164317,5,5,-0.03930643612535107,-0.06660046392401252,0.12067660321887508,0.3890968409825266,1.4536925078649943,1.4253877350036601,0.6024072999341218,0.6028700159989961,0.15206710816974503,0.05367217494720588,0,1,02
0,0.1626213538358814,0.12492800636631379,-0.0060246735113162735,0.0032905683808344853,0.5446514147144663,10,0.02975254493835683,15,3,0.006670575368901802,0.03684781193805644,0.1711816537239256,0.039096840982526616,1.4803148040380396,1.4890092684457477,-0.1475927000658782,0.22787001599899614,0.09416064937241761,0.13684049177888905,1,1,02
0,0.1791307877981456,0.03455472542328822,-0.009259174859025167,0.03915263734635172,0.013182883245934888,11,-0.01712245506164317,10,9,0.08713034548384434,0.013859306190930005,0.08027256281483468,0.07909684098252662,1.6067707108600036,1.5999391216268255,0.3524072999341218,0.47787001599899614,0.09193347788021268,0.04971177890760187,1,0,02
0,0.15554588213776824,0.06598891009912322,-0.00979825841697665,0.01708367182911035,0.21598008604313768,10,-0.01712245506164317,10,11,0.02965908111602824,0.013859306190930005,-0.08134359880132694,0.019096840982526616,1.6683347707601708,1.6505100841064342,0.4774072999341218,0.10287001599899614,0.10752367832564705,0.06159296702641377,0,1,02
0,0.09658361798682484,0.09152918514823914,-0.0033292557215588614,0.023980223553248282,0.45374232380537544,11,-0.07180995506164317,15,3,-0.03930643612535107,-0.04361195817688609,0.2216867042289761,-0.010903159017473385,1.6683347707601708,1.6309342276627141,0.2274072999341218,0.10287001599899614,0.0429357050517049,0.12495930366007713,1,1,02
0,0.12488550477927765,0.10724627748615657,-0.009259174859025167,0.043290568380834483,0.5936024636655153,6,0.05319004493835683,8,2,-0.062294941872477506,0.10581332917943576,0.04996953251180438,-0.020903159017473385,1.6284013265006019,1.5705753369612452,-0.2725927000658782,-0.27212998400100386,0.08079762041918818,0.142781085838295,1,0,02
0,0.1508289010056927,0.21137201422486,-0.00979825841697665,0.05570436148428277,0.08311295317600478,6,0.08444004493835683,2,4,-0.08528344761960395,0.03684781193805644,-0.0005355179932461273,-0.07090315901747339,1.5202482482976067,1.4596454837801693,0.6024072999341218,0.35287001599899614,0.0986149923568274,0.22198900663037419,0,1,02
0,0.1814892783641833,-0.03617219009734043,0.031711175545287504,0.030876775277386213,-0.23856536850231685,11,0.05319004493835683,12,11,0.052647586863154676,0.08282482343230932,0.2822927648350367,0.3690968409825266,1.500281526167824,1.5395802309253566,0.6024072999341218,0.6028700159989961,0.07857044892698332,-0.003753567627051587,1,1,02
0,0.1013005991189003,0.05616572738792479,0.02901575775553009,-0.006364604032958618,0.5376584077214593,11,0.06881504493835683,12,9,0.052647586863154676,0.03684781193805644,0.211585694127966,0.029096840982526614,1.6417124745871254,1.6358281917736432,-0.022592700065878213,0.10287001599899614,0.049617219528319614,0.05961276900661176,1,0,02
0,0.14375342930757956,0.030625452338808857,-0.00979825841697665,0.03501470631186897,0.04814791821096982,9,0.24069004493835683,9,12,0.08713034548384434,0.2092616050415047,-0.08134359880132694,0.05909684098252661,1.6883014928899533,1.6815051901423228,0.4774072999341218,0.35287001599899614,0.08302479191139311,0.05169197692740387,0,1,02
0,0.15318739157173047,0.09938773131719786,0.011226000343131166,0.015704361484282763,0.3698262398892915,10,-0.01712245506164317,3,3,0.052647586863154676,0.03684781193805644,0.1711816537239256,0.08909684098252661,1.7315627241711518,1.7304448312516214,0.4774072999341218,0.22787001599899614,0.11197802131005682,0.11109791752146328,1,1,02
0,0.148470410439655,0.08956454860599943,0.01499958524879154,0.03363539596704138,0.2509451210081726,3,-0.0014974550616431714,10,3,0.0641418397367179,0.16328459354725183,0.029767512309784177,0.07909684098252662,1.7714961684307189,1.7663339013984392,0.4774072999341218,0.35287001599899614,0.10084216384903233,0.06951375910562167,1,0,02
0,0.16497984440191915,0.062059637014643856,-0.00979825841697665,0.023980223553248282,0.12507099513404676,3,-0.0014974550616431714,3,3,0.0641418397367179,-0.19303724553320792,-0.10154561900334713,0.2490968409825266,1.7864712100280562,1.7630712586578203,-0.2725927000658782,0.47787001599899614,0.12311387877108132,0.05367217494720588,0,1,02
0,0.18620625949625874,0.14260973524647094,0.009069666111325236,0.023980223553248282,0.43975630981936137,1,0.02975254493835683,1,1,0.08713034548384434,-0.04361195817688609,0.11057559311786498,0.11909684098252661,1.7348905111927833,1.6798738687720125,0.3524072999341218,0.22787001599899614,0.1542942796619499,0.12891969969968106,1,0,02
0,0.1814892783641833,0.1347511890775122,-0.00979825841697665,0.022600913208420694,0.5096863797494313,1,-0.10305995506164317,15,1,-0.1197662062402936,-0.06660046392401252,0.2721917547340266,0.1590968409825266,1.6516958356520177,1.598307800256515,0.4774072999341218,-0.27212998400100386,0.12756822175549112,0.16852366009572067,0,0,02
0,0.2097911651566361,0.1327865525352725,-0.00979825841697665,0.01708367182911035,0.5656304356934873,3,-0.04837245506164317,13,10,-0.09677770049316717,0.0023650533173667863,0.20148468402695588,0.07909684098252662,1.5651733730896207,1.5216356958519468,0.3524072999341218,-0.022129984001003855,0.1431584222009254,0.14476128385809692,0,0,02
0,0.1791307877981456,0.13868046216199156,-0.00979825841697665,0.018462982173937933,0.5096863797494313,12,0.13912754493835683,15,11,0.006670575368901802,0.10581332917943576,0.20148468402695588,0.06909684098252661,1.4869703780813004,1.4661707692614088,-0.2725927000658782,-0.27212998400100386,0.11643236429446661,0.17050385811552268,0,0,02
0,0.17205531610003238,-0.020455097759423,-0.00979825841697665,0.037773327001524144,-0.23856536850231685,9,0.06881504493835683,11,9,0.08713034548384434,0.08282482343230932,-0.04093955839728653,0.039096840982526616,1.581812308197774,1.6097270498486855,0.4774072999341218,0.47787001599899614,0.10084216384903233,0.008127620491760322,0,1,02
0,0.09422512742078708,-0.010631915048224569,0.0716033588336972,0.018462982173937933,-0.084719214656163,10,0.014127544938356829,13,9,-0.016317930378224633,0.0023650533173667863,0.2822927648350367,0.3790968409825266,1.673326451292616,1.6456161199955033,0.3524072999341218,0.47787001599899614,0.02957267609847555,-0.01167435970625948,1,1,02
0,0.12724399534531533,0.06598891009912322,0.0026006634159074452,-0.006364604032958618,-0.17562830556525394,1,-0.14993495506164317,15,3,-0.062294941872477506,-0.13556598116539184,0.2620907446330165,0.3190968409825266,1.5635094795788052,1.5477368377769063,0.4774072999341218,0.6028700159989961,0.04070853355950005,0.05565237296700782,1,1,02
0,0.12488550477927765,0.10921091402839629,0.0015224963000044817,-0.011881845412268962,0.5096863797494313,3,-0.0014974550616431714,12,3,-0.03930643612535107,0.03684781193805644,0.2418887244309963,0.039096840982526616,1.5435427574490226,1.5330549454441171,-0.2725927000658782,-0.27212998400100386,0.09193347788021268,0.14674148187789893,1,1,02
0,0.1791307877981456,0.014908360000891359,-0.009259174859025167,0.03225608562221379,-0.23856536850231685,3,-0.13430995506164317,4,2,-0.14275471198742004,-0.06660046392401252,0.1913836739259458,0.3390968409825266,1.6167540719248958,1.5803632651831052,0.6024072999341218,0.6028700159989961,0.07411610594257355,0.041790986828393974,1,1,02
0,0.17205531610003238,0.12689264290855343,-0.009259174859025167,-0.000847362653648274,0.5236723937354454,12,-0.08743495506164317,12,3,0.02965908111602824,0.0023650533173667863,0.1711816537239256,0.05909684098252661,1.5851400952194052,1.5542621232581457,0.3524072999341218,-0.27212998400100386,0.12088670727887639,0.15664247197690884,1,1,02
0,0.17205531610003238,0.1642207372111075,-0.009259174859025167,0.023980223553248282,0.42577029583334747,12,0.11569004493835683,14,2,-0.062294941872477506,0.03684781193805644,0.2418887244309963,0.1290968409825266,1.5518622250030991,1.4710647333723397,0.4774072999341218,-0.27212998400100386,0.1052965068334421,0.19228603633334448,1,0,03
0,0.1791307877981456,0.044377908134486645,-0.00979825841697665,0.03639401665669655,0.2998961699592216,12,0.06881504493835683,13,11,-0.062294941872477506,0.08282482343230932,0.07017155271382458,0.009096840982526616,1.5651733730896207,1.578731943812795,0.2274072999341218,0.22787001599899614,0.10306933534123718,0.03188999672938407,0,1,03
0,0.13196097647739088,0.02080226962761043,-0.008181007743122203,0.03225608562221379,0.3138821839452356,9,0.03756504493835683,9,10,0.0641418397367179,0.013859306190930005,-0.02073753819526633,0.029096840982526614,1.6350569005438647,1.626040263551785,0.6024072999341218,-0.022129984001003855,0.049617219528319614,0.04971177890760187,1,1,03
0,0.08243267459059839,0.12296336982407408,-0.008720091301073686,0.02673884424290345,0.5516444217074734,2,-0.04837245506164317,15,2,0.006670575368901802,0.03684781193805644,0.10047458301685488,-0.000903159017473385,1.6250735394789724,1.5297923027034965,-0.2725927000658782,-0.14712998400100386,0.022891161621860834,0.15466227395710683,1,1,03
0,0.12488550477927765,0.05027181776120571,-0.009259174859025167,0.03501470631186897,0.47472134478439637,11,0.10006504493835683,16,11,-0.062294941872477506,0.1402960878001254,0.03986852241079428,-0.040903159017473385,1.4969537391461927,1.5200043744816383,-0.2725927000658782,-0.14712998400100386,0.07411610594257355,0.07545435316502762,1,0,03
0,0.12724399534531533,0.046342544676726355,-0.00979825841697665,0.037773327001524144,0.4117842818473335,11,-0.01712245506164317,9,9,0.006670575368901802,-0.020623452429759652,-0.16215167960940774,-0.08090315901747339,1.5884678822410347,1.578731943812795,0.4774072999341218,-0.27212998400100386,0.06966176295816369,0.04971177890760187,0,0,03
0,0.08479116515663616,0.09545845823271851,-0.00979825841697665,0.028118154587731037,0.42577029583334747,5,-0.01712245506164317,14,1,0.006670575368901802,0.059836317685182876,0.03986852241079428,0.029096840982526614,1.6350569005438647,1.578731943812795,0.10240729993412179,0.22787001599899614,0.027345504606270617,0.12297910564027519,0,0,03
0,0.12960248591135312,0.17207928338006623,-0.00979825841697665,0.03225608562221379,0.10409197415502582,15,0.05319004493835683,15,7,-0.062294941872477506,-0.08958896967113895,0.1610806436229155,-0.000903159017473385,1.5718289471328817,1.5069538035191576,0.4774072999341218,0.47787001599899614,0.09193347788021268,0.16060286801651277,0,0,03
0,0.16733833496795691,0.12492800636631379,-0.00979825841697665,0.022600913208420694,0.34884721891027054,11,-0.0014974550616431714,15,10,0.02965908111602824,0.059836317685182876,0.07017155271382458,0.06909684098252661,1.5635094795788052,1.575469301072176,0.4774072999341218,0.22787001599899614,0.11197802131005682,0.15664247197690884,0,0,03
0,0.18620625949625874,0.10724627748615657,-0.00979825841697665,0.025359533898075864,0.013182883245934888,2,-0.04837245506164317,10,1,-0.016317930378224633,0.03684781193805644,0.04996953251180438,0.04909684098252662,1.7165876825738144,1.7043436893266617,0.2274072999341218,0.35287001599899614,0.11197802131005682,0.13288009573928508,0,1,03
0,0.17677229723210783,0.111175550570636,-0.009259174859025167,0.008807809760144832,0.03416190422495585,1,0.02975254493835683,6,2,-0.09677770049316717,0.059836317685182876,0.20148468402695588,0.1290968409825266,1.7382182982144128,1.7027123679563514,0.4774072999341218,0.47787001599899614,0.10306933534123718,0.08931573930364146,1,1,03
0,0.2097911651566361,0.09742309477495814,-0.004946506395413309,0.03363539596704138,-0.09171222164917,5,0.03756504493835683,7,2,-0.062294941872477506,-0.020623452429759652,0.12067660321887508,0.17909684098252662,1.678318131825061,1.6325655490330244,0.4774072999341218,0.47787001599899614,0.12979539324769604,0.10119692742245338,1,1,03
0,0.18620625949625874,0.13671582561975185,0.059204437000813105,-0.016019776446751722,0.47472134478439637,6,0.05319004493835683,14,2,-0.08528344761960395,-0.08958896967113895,0.2822927648350367,0.17909684098252662,1.6234096459681566,1.5444741950362875,-0.022592700065878213,0.22787001599899614,0.09193347788021268,0.12693950167987914,1,1,03
0,0.1602628632698437,-0.061712465146456355,0.05165726718949236,0.04880780976014483,-0.23856536850231685,9,0.13912754493835683,12,12,0.11011885123097077,0.10581332917943576,0.2721917547340266,0.3290968409825266,1.586803988730219,1.6358281917736432,0.6024072999341218,0.6028700159989961,0.056298734004934334,-0.07306049832012089,1,1,03
0,-0.007189966918835589,0.03651936196552793,0.048422765841783455,0.007428499415317245,0.5166793867424384,12,0.014127544938356829,14,11,0.052647586863154676,0.013859306190930005,0.1408786234208953,0.009096840982526616,1.741546085236044,1.7304448312516214,-0.2725927000658782,-0.27212998400100386,-0.061741355081925374,0.05961276900661176,1,0,03
0,0.035262863269843674,-0.024384370843902357,-0.00979825841697665,0.025359533898075864,-0.2175863475232959,3,0.05319004493835683,14,14,-0.062294941872477506,-0.14706023403895505,0.04996953251180438,0.28909684098252664,1.8014462516253955,1.7679652227687495,0.6024072999341218,0.6028700159989961,0.00730096117642655,-0.005733765646853526,0,1,03
0,0.10837607081701352,0.026696179254329502,0.026859423523724158,-0.0036059833433034457,-0.16164229157923993,3,0.10006504493835683,10,3,0.11011885123097077,0.16328459354725183,0.06007054261281448,0.14909684098252662,1.7981184646037642,1.7695965441390598,0.4774072999341218,0.47787001599899614,0.06966176295816369,0.02990979870958206,1,1,03
0,0.12960248591135312,-0.018490461217183285,0.016616835922645994,0.022600913208420694,-0.23856536850231685,3,0.13912754493835683,3,1,0.30552115008154546,-0.06660046392401252,0.07017155271382458,0.41909684098252664,1.7781517424739797,1.7712278655093683,0.6024072999341218,0.6028700159989961,0.10306933534123718,-0.017614953765665433,1,1,03
0,0.11309305194908897,0.0640242735568835,0.13683246934582657,0.0032905683808344853,-0.14765627759322597,3,0.13912754493835683,3,3,0.15609586272522363,0.10581332917943576,0.07017155271382458,0.16909684098252661,1.799782358114578,1.7842784364718507,0.6024072999341218,0.47787001599899614,0.10306933534123718,0.04971177890760187,1,1,03
0,0.13667795760946633,-0.012596551590464213,0.11850362837547618,-0.000847362653648274,-0.23856536850231685,2,0.30319004493835683,3,1,0.1331073569780972,0.1402960878001254,0.2923937749360468,0.4390968409825266,1.7482016592793048,1.7222882244000717,0.6024072999341218,0.6028700159989961,0.06298024848154905,-0.025535745844873326,1,1,03
0,0.15318739157173047,-0.0420660997240595,0.28777586557224166,0.01447302833196131,-0.23856536850231685,1,0.24069004493835683,1,2,0.3400039087022351,0.03684781193805644,0.23178771432998618,0.3190968409825266,1.7864712100280562,1.7712278655093683,0.6024072999341218,0.6028700159989961,0.05852590549713918,-0.025535745844873326,1,1,03
0,0.12960248591135312,-0.04992464589301828,0.06675160681213385,0.0115664304498,-0.23856536850231685,1,0.03756504493835683,6,2,0.08713034548384434,-0.020623452429759652,0.2822927648350367,0.4290968409825266,1.758185020344197,1.6978184038454223,0.6024072999341218,0.6028700159989961,0.027345504606270617,-0.029496141884477346,1,1,03
0,0.11073456138305121,-0.040101463181819855,0.11634729414367023,-0.017399086791579307,-0.23856536850231685,5,0.15475254493835683,5,6,0.1905786213459133,0.059836317685182876,0.2923937749360468,0.4390968409825266,1.5152565677651615,1.3927613075974612,0.6024072999341218,0.6028700159989961,0.03848136206729512,-0.02355554782507139,1,1,03
0,0.12252701421323989,0.1327865525352725,0.04249284670431715,-0.0077439143777862035,0.5096863797494313,15,0.05319004493835683,15,15,0.006670575368901802,0.08282482343230932,0.1408786234208953,-0.12090315901747338,1.352195003705262,1.3405590237475438,-0.2725927000658782,0.10287001599899614,0.08079762041918818,0.17050385811552268,1,0,03
0,0.10837607081701352,0.13082191599303286,-0.00979825841697665,0.025359533898075864,0.39080526086831247,14,-0.04837245506164317,12,1,-0.14275471198742004,-0.06660046392401252,0.07017155271382458,0.05909684098252661,1.4303979987135802,1.4319130204848995,0.4774072999341218,0.35287001599899614,0.047390048036114685,0.07149395712542367,0,1,03
0,0.06356475006229649,0.07581209281032164,-0.004407422837461826,0.025359533898075864,0.48171435177740346,14,-0.10305995506164317,15,3,0.052647586863154676,0.0023650533173667863,0.11057559311786498,0.009096840982526616,1.6017790303275583,1.5705753369612452,-0.2725927000658782,-0.14712998400100386,0.000619446699811835,0.09921672940265137,1,1,03
0,0.09658361798682484,0.11903409673959471,-0.009259174859025167,0.0115664304498,0.44674931681236846,14,-0.08743495506164317,15,14,0.02965908111602824,-0.14706023403895505,0.211585694127966,-0.23090315901747338,1.603442923838372,1.560787408739387,-0.2725927000658782,-0.022129984001003855,0.022891161621860834,0.1507018779175029,1,0,03
0,0.09894210855286253,0.08956454860599943,-0.00979825841697665,0.02673884424290345,0.5026933727564243,3,-0.06399745506164317,15,10,-0.016317930378224633,0.013859306190930005,0.1610806436229155,-0.020903159017473385,1.666670877249355,1.6325655490330244,-0.2725927000658782,-0.27212998400100386,0.0206639901296559,0.07941474920463157,0,0,03
0,0.07535720289248517,0.08367063897928036,-0.00979825841697665,0.021221602863593106,0.49570036576341736,3,-0.10305995506164317,15,3,0.006670575368901802,0.013859306190930005,0.18128266382493569,-0.000903159017473385,1.7099321085305534,1.683136511512633,-0.2725927000658782,-0.14712998400100386,0.00730096117642655,0.10911771950166127,0,1,03
0,0.08714965572267384,0.016872996543131073,0.0015224963000044817,0.029497464932558625,0.2579381280011796,9,-0.0014974550616431714,12,9,0.02965908111602824,0.013859306190930005,0.029767512309784177,-0.07090315901747339,1.7698322749199031,1.7467580449547209,0.4774072999341218,0.47787001599899614,0.013982475653041187,0.039810788808591964,1,1,03
0,0.04469682553399463,0.042413271592247004,0.009608749669276719,0.022600913208420694,0.38381225387530554,12,0.02975254493835683,14,9,0.0641418397367179,0.0023650533173667863,0.1307776133198852,-0.08090315901747339,1.7798156359847974,1.75165200906565,0.4774072999341218,-0.27212998400100386,-0.028333782698851877,0.06753356108581973,1,1,03
0,0.04941380666607008,0.09545845823271851,0.00799149899542227,0.012945740794627588,0.44674931681236846,14,-0.10305995506164317,14,1,0.02965908111602824,-0.06660046392401252,0.211585694127966,0.019096840982526616,1.7897989970496877,1.756545973176581,-0.2725927000658782,-0.14712998400100386,-0.01942509673003227,0.12495930366007713,1,0,04
0,0.08007418402456067,0.09545845823271851,-0.00979825841697665,-0.000847362653648274,0.5166793867424384,3,-0.14993495506164317,15,3,0.006670575368901802,-0.04361195817688609,0.2721917547340266,0.039096840982526616,1.8147573997119173,1.7973290074343296,-0.022592700065878213,-0.27212998400100386,0.016209647145246118,0.11703851158086924,0,0,04
0,0.08243267459059839,0.08759991206375972,-0.00979825841697665,0.007428499415317245,0.5166793867424384,5,-0.07180995506164317,15,2,0.052647586863154676,0.013859306190930005,0.2620907446330165,0.019096840982526616,1.809765719179472,1.74186408084379,-0.2725927000658782,-0.27212998400100386,0.011755304160836335,0.12297910564027519,0,0,04
0,0.09894210855286253,0.09545845823271851,-0.00979825841697665,0.029497464932558625,0.45374232380537544,6,-0.06399745506164317,15,1,-0.03930643612535107,-0.08958896967113895,0.15097963352190538,0.14909684098252662,1.7032765344872909,1.6358281917736432,-0.2725927000658782,0.35287001599899614,0.08079762041918818,0.09129593732344347,0,0,04
0,0.12488550477927765,0.11510482365511536,-0.00979825841697665,0.018462982173937933,0.47472134478439637,11,-0.06399745506164317,9,11,0.052647586863154676,0.0023650533173667863,0.15097963352190538,0.07909684098252662,1.6982848539548456,1.676611226031392,-0.1475927000658782,-0.14712998400100386,0.14093125070872053,0.15466227395710683,0,1,04
0,0.15790437270380592,0.09938773131719786,-0.008181007743122203,0.0026009132084206916,0.2998961699592216,3,-0.06399745506164317,15,3,-0.062294941872477506,0.013859306190930005,0.2519897345320064,0.20909684098252662,1.7382182982144128,1.701081046586041,-0.1475927000658782,0.35287001599899614,0.12534105026328618,0.07743455118482963,1,1,04
0,0.14375342930757956,0.079741365894801,-0.0065637570692677555,0.010187120104972419,0.21598008604313768,2,-0.01712245506164317,3,10,-0.016317930378224633,-0.020623452429759652,0.2721917547340266,0.20909684098252662,1.6949570669332141,1.6341968704033347,0.2274072999341218,0.47787001599899614,0.11420519280226168,0.06555336306601772,1,1,04
0,0.13903644817550403,0.08563527552152007,0.008530582553373753,0.001911258036006901,0.4607353307983824,4,-0.13430995506164317,15,1,-0.062294941872477506,-0.06660046392401252,0.2822927648350367,0.07909684098252662,1.6067707108600036,1.5395802309253566,-0.1475927000658782,-0.14712998400100386,0.0874791348958029,0.12495930366007713,1,0,04
0,0.11073456138305121,0.12492800636631379,-0.00979825841697665,0.012945740794627588,0.2089870790501307,11,0.10006504493835683,14,14,-0.016317930378224633,-0.17004873978608148,0.1610806436229155,-0.05090315901747339,1.4620119754190708,1.4025492358193212,-0.1475927000658782,-0.27212998400100386,0.0763432774347784,0.16258306603631478,0,1,04
0,0.09422512742078708,0.04044863505000729,-0.009259174859025167,0.023980223553248282,0.32087519093824257,14,0.06881504493835683,14,14,0.052647586863154676,0.08282482343230932,0.029767512309784177,-0.22090315901747337,1.4886342715921161,1.4433322700770699,0.4774072999341218,-0.27212998400100386,0.0028466181920166873,0.06951375910562167,1,0,04
0,0.023470410439654994,-0.05385391897749764,-0.00979825841697665,0.019842292518765518,0.5026933727564243,14,0.21725254493835683,14,16,0.1905786213459133,0.1402960878001254,-0.29346481092253907,-0.2509031590174734,1.5285677158516833,1.5444741950362875,-0.2725927000658782,-0.27212998400100386,-0.006062067776802881,-0.037416933963685235,0,0,04
0,-0.06851072163581672,-0.038136826639580144,-0.00979825841697665,0.02673884424290345,0.5236723937354454,16,-0.01712245506164317,14,11,0.11011885123097077,-0.11257747541826539,-0.17225268971041785,-0.20090315901747338,1.6966209604440299,1.6749799046610834,-0.2725927000658782,-0.27212998400100386,-0.06842286955854009,-0.019595151785467443,0,0,04
0,-0.05200128767355254,0.009014450374172287,-0.00979825841697665,0.007428499415317245,0.47472134478439637,14,-0.06399745506164317,15,2,0.006670575368901802,0.013859306190930005,-0.0005355179932461273,-0.030903159017473383,1.7548572333225658,1.673348583290773,-0.2725927000658782,-0.14712998400100386,-0.05060549762090088,0.041790986828393974,0,0,04
0,0.0376213538358814,0.10528164094391693,-0.00979825841697665,0.01708367182911035,0.3558402259032775,8,-0.08743495506164317,15,7,-0.03930643612535107,-0.06660046392401252,-0.22275774021546835,-0.2509031590174734,1.6234096459681566,1.5705753369612452,0.3524072999341218,0.22787001599899614,0.07857044892698332,0.11109791752146328,0,0,04
0,0.08950814628871162,0.08367063897928036,-0.00979825841697665,0.023980223553248282,0.47472134478439637,14,-0.04837245506164317,15,15,-0.03930643612535107,-0.17004873978608148,-0.20255572001344815,-0.2509031590174734,1.6417124745871254,1.575469301072176,-0.2725927000658782,-0.022129984001003855,0.06743459146595883,0.11901870960067117,0,0,04
0,0.07535720289248517,-0.010631915048224569,-0.00979825841697665,0.023980223553248282,0.16702903709208872,11,0.03756504493835683,15,11,0.006670575368901802,0.059836317685182876,-0.21265673011445824,0.039096840982526616,1.71825157608463,1.7271821885110008,0.2274072999341218,0.35287001599899614,0.03625419057509018,-0.02157534980526938,0,0,04
0,0.04941380666607008,-0.07742955748437386,-0.00979825841697665,0.007428499415317245,-0.23157236150930985,10,-0.15774745506164317,15,2,-0.08528344761960395,-0.13556598116539184,0.09037357291584479,0.039096840982526616,1.7615128073658266,1.7304448312516214,0.6024072999341218,0.6028700159989961,-0.01719792523782738,-0.04335752802309119,0,0,04
0,-0.03785034427732613,0.012943723458651715,-0.00979825841697665,0.007428499415317245,0.4327633028263544,14,-0.11868495506164317,14,1,0.006670575368901802,-0.08958896967113895,0.15097963352190538,0.019096840982526616,1.7432099787468598,1.686399154253252,0.10240729993412179,-0.14712998400100386,-0.05283266911310577,0.041790986828393974,0,0,04
0,-0.0166239291829865,0.03455472542328822,-0.00979825841697665,-0.00912322472261379,0.49570036576341736,15,-0.13430995506164317,15,1,0.02965908111602824,0.0023650533173667863,0.15097963352190538,0.029096840982526614,1.6916292799115846,1.6129896925893044,-0.2725927000658782,-0.39712998400100386,-0.04169681165208127,0.035850392768988014,0,0,04
0,-0.030774872579212947,0.009014450374172287,-0.00979825841697665,0.007428499415317245,0.23695910702215864,15,-0.08743495506164317,15,6,-0.016317930378224633,-0.08958896967113895,-0.04093955839728653,-0.10090315901747339,1.6400485810763097,1.5526308018878372,-0.1475927000658782,0.35287001599899614,-0.01942509673003227,0.03387019474918608,0,0,04
0,0.0376213538358814,-0.03027828047062143,-0.00979825841697665,0.015704361484282763,0.4887073587704104,13,0.03756504493835683,13,11,0.0641418397367179,0.03684781193805644,-0.17225268971041785,-0.11090315901747339,1.5967873497951113,1.5901511934049652,-0.2725927000658782,-0.27212998400100386,-0.026106611206646986,-0.017614953765665433,0,0,04
0,-0.05200128767355254,-0.022419734301662643,-0.00979825841697665,0.021221602863593106,0.5026933727564243,16,0.05319004493835683,14,16,0.052647586863154676,-0.020623452429759652,-0.08134359880132694,-0.23090315901747338,1.598451243305927,1.5542621232581457,-0.2725927000658782,-0.27212998400100386,-0.061741355081925374,-0.0017733696072495789,0,0,04
0,-0.07794468389996767,0.012943723458651715,-0.00979825841697665,0.01708367182911035,0.5026933727564243,14,0.05319004493835683,14,3,-0.062294941872477506,-0.020623452429759652,-0.08134359880132694,-0.1509031590174734,1.673326451292616,1.6407221558845742,-0.2725927000658782,-0.27212998400100386,-0.061741355081925374,0.039810788808591964,0,0,04
0,-0.047284306541477084,0.02080226962761043,-0.00979825841697665,0.007428499415317245,0.4607353307983824,14,-0.11868495506164317,14,2,0.0641418397367179,-0.04361195817688609,0.009565492107763973,-0.030903159017473383,1.7515294463009363,1.696187082475112,-0.022592700065878213,0.22787001599899614,-0.07065004105074499,0.025949402669978115,0,0,04
0,-0.02841638201317518,0.026696179254329502,-0.00979825841697665,0.001911258036006901,0.43975630981936137,14,-0.07180995506164317,15,10,0.0641418397367179,0.0023650533173667863,-0.04093955839728653,0.09909684098252662,1.776487848963166,1.74186408084379,-0.2725927000658782,0.22787001599899614,-0.04169681165208127,0.014068214551166277,0,0,04
0,-0.014265438616948772,0.016872996543131073,-0.00979825841697665,0.0032905683808344853,0.4677283377913894,2,-0.11868495506164317,15,1,0.006670575368901802,-0.08958896967113895,0.15097963352190538,0.019096840982526616,1.8014462516253955,1.756545973176581,-0.2725927000658782,-0.14712998400100386,-0.032788125683261664,0.023969204650176178,0,0,04
0,0.01639493874154177,0.038483998507767576,-0.00979825841697665,0.0005319476911793135,0.44674931681236846,14,-0.11868495506164317,15,3,0.02965908111602824,-0.04361195817688609,0.15097963352190538,0.04909684098252662,1.8363880153525156,1.7875410792124677,-0.3975927000658782,-0.27212998400100386,-0.008289239269007811,0.027929600689780124,0,0,04
0,0.032904372703805945,0.009014450374172287,-0.00979825841697665,0.007428499415317245,0.1950010650641167,1,-0.14993495506164317,15,2,-0.03930643612535107,-0.06660046392401252,0.1610806436229155,0.06909684098252661,1.8147573997119173,1.76143993728751,0.3524072999341218,0.47787001599899614,0.00730096117642655,0.025949402669978115,0,0,04
0,0.00696097647739086,0.007049813831932644,-0.00979825841697665,-0.0022266729984758583,0.44674931681236846,1,-0.11868495506164317,14,1,-0.016317930378224633,0.0023650533173667863,0.1913836739259458,0.06909684098252661,1.7914628905605015,1.7500206876953397,-0.3975927000658782,-0.27212998400100386,-0.023879439714442095,0.027929600689780124,0,0,04
0,0.011677957609466315,0.03259008888104857,-0.00979825841697665,0.004669878725662073,0.3138821839452356,3,-0.11868495506164317,15,3,0.02965908111602824,0.0023650533173667863,0.23178771432998618,0.10909684098252662,1.858018630993114,1.8169048638780498,0.3524072999341218,-0.022129984001003855,-0.030560954191056772,0.04971177890760187,0,0,04
0,0.0423383349679569,0.010979086916412,-0.00979825841697665,0.001911258036006901,0.2579381280011796,2,-0.07180995506164317,15,1,0.02965908111602824,-0.020623452429759652,0.2620907446330165,0.1990968409825266,1.879649246633716,1.8283241134702164,-0.1475927000658782,-0.14712998400100386,0.000619446699811835,0.03387019474918608,0,0,05
0,0.05413078779814558,0.042413271592247004,-0.00979825841697665,-0.017399086791579307,0.3348612049242565,6,-0.06399745506164317,14,2,-0.03930643612535107,0.013859306190930005,0.2721917547340266,0.1590968409825266,1.8480352699282234,1.78101579373123,0.4774072999341218,0.47787001599899614,-0.003834896284597949,0.039810788808591964,0,0,05
0,0.03054588213776822,0.044377908134486645,-0.00979825841697665,0.007428499415317245,0.29290316296621455,6,-0.10305995506164317,15,2,-0.016317930378224633,-0.06660046392401252,0.2923937749360468,0.07909684098252662,1.7465377657684893,1.6684546191798422,0.3524072999341218,-0.27212998400100386,-0.03724246866767149,0.06159296702641377,0,0,05
0,0.06120625949625876,-0.10493446907572943,-0.00979825841697665,0.007428499415317245,-0.23856536850231685,16,-0.04837245506164317,15,16,0.006670575368901802,-0.11257747541826539,0.1408786234208953,0.3790968409825266,1.6516958356520177,1.6293029062924038,0.6024072999341218,0.6028700159989961,0.0028466181920166873,-0.1007832705973486,0,1,05
0,0.03997984440191913,-0.057783192061977,0.03871926179865677,0.4832905683808345,-0.1896143195512679,9,-0.03274745506164317,13,12,0.052647586863154676,0.0023650533173667863,0.2923937749360468,0.2990968409825266,1.6217457524573409,1.5771006224424864,0.4774072999341218,0.47787001599899614,-0.032788125683261664,-0.035436735943883226,1,1,05
0,0.06592324062833425,-0.008667278505984855,0.05866535344286162,0.004669878725662073,-0.2175863475232959,11,0.23287754493835683,11,10,0.28253264433441905,-0.020623452429759652,0.2721917547340266,0.34909684098252663,1.570165053622066,1.5624187301096955,0.4774072999341218,0.47787001599899614,0.047390048036114685,0.016048412570968215,1,1,05
0,0.12488550477927765,0.007049813831932644,0.03440659333504491,-0.0077439143777862035,0.23695910702215864,11,-0.0014974550616431714,11,12,0.052647586863154676,0.03684781193805644,0.2519897345320064,0.20909684098252662,1.5635094795788052,1.5297923027034965,0.4774072999341218,0.35287001599899614,0.0540715625127294,0.025949402669978115,1,1,05
0,0.058847768930221034,0.07384745626808192,-0.008720091301073686,0.0060491890704896575,0.22996610002915166,15,-0.11868495506164317,15,15,0.052647586863154676,-0.14706023403895505,0.2519897345320064,0.04909684098252662,1.591795669262666,1.575469301072176,0.2274072999341218,0.47787001599899614,0.011755304160836335,0.05961276900661176,1,0,05
0,0.08714965572267384,-0.059747828604216714,-0.00979825841697665,0.010187120104972419,-0.23856536850231685,15,-0.10305995506164317,15,8,0.006670575368901802,-0.17004873978608148,-0.0005355179932461273,0.1590968409825266,1.6966209604440299,1.6488787627361239,0.4774072999341218,0.47787001599899614,0.0206639901296559,-0.02355554782507139,0,0,05
0,0.02818739157173045,0.044377908134486645,-0.00979825841697665,-0.0049852936881310305,0.4327633028263544,8,-0.01712245506164317,14,15,0.0641418397367179,0.013859306190930005,0.1610806436229155,-0.1509031590174734,1.6367207940546784,1.5689440155909367,-0.3975927000658782,-0.14712998400100386,-0.003834896284597949,0.08139494722443358,0,0,05
0,0.06120625949625876,0.022766906169850144,-0.00979825841697665,0.001911258036006901,0.1810150510781027,13,-0.04837245506164317,15,13,-0.09677770049316717,0.03684781193805644,0.1307776133198852,0.04909684098252662,1.6284013265006019,1.6178836567002353,-0.022592700065878213,0.47787001599899614,-0.0016077247923930965,-0.02355554782507139,0,1,05
0,0.00696097647739086,0.0011559042052135726,-0.008720091301073686,0.0005319476911793135,0.42577029583334747,9,-0.01712245506164317,14,9,0.006670575368901802,-0.04361195817688609,0.15097963352190538,0.1290968409825266,1.708268215019738,1.6651919764392233,0.10240729993412179,-0.14712998400100386,-0.030560954191056772,0.02990979870958206,1,1,05
0,0.01875342930757954,0.038483998507767576,-0.007641924185170721,0.0032905683808344853,0.42577029583334747,14,-0.06399745506164317,15,15,0.006670575368901802,-0.14706023403895505,0.20148468402695588,-0.06090315901747338,1.6100984978816348,1.528160981333188,-0.2725927000658782,-0.14712998400100386,-0.032788125683261664,0.07149395712542367,1,0,05
0,0.01639493874154177,-0.0420660997240595,-0.00979825841697665,0.007428499415317245,0.45374232380537544,16,0.08444004493835683,14,14,0.1331073569780972,0.10581332917943576,-0.21265673011445824,-0.20090315901747338,1.5801484146869582,1.5640500514800058,-0.2725927000658782,-0.27212998400100386,-0.01719792523782738,-0.009694161686457542,0,0,05
0,-0.047284306541477084,-0.07546492094213414,-0.00979825841697665,0.015704361484282763,0.2719241419871936,14,0.20162754493835683,14,15,-0.062294941872477506,0.10581332917943576,-0.06114157859930673,-0.1809031590174734,1.5934595627734818,1.5673126942206264,0.2274072999341218,-0.27212998400100386,-0.07733155552735967,-0.06910010228051695,0,0,05
0,-0.11096355182449595,-0.06367710168869607,-0.00979825841697665,0.015704361484282763,0.43975630981936137,14,0.08444004493835683,14,15,0.11011885123097077,-0.06660046392401252,-0.13184864930637744,-0.2909031590174734,1.7315627241711518,1.6700859405501525,-0.2725927000658782,-0.39712998400100386,-0.14414670029350665,-0.03345653792408129,0,0,05
0,-0.08266166503204313,-0.04403073626629921,-0.00979825841697665,-0.000847362653648274,0.44674931681236846,14,0.02975254493835683,14,11,0.11011885123097077,0.013859306190930005,-0.07124258870031683,-0.09090315901747338,1.741546085236044,1.7451267235844106,-0.2725927000658782,-0.14712998400100386,-0.09514892746499888,-0.039397131983487245,0,0,05
0,-0.08973713673015635,-0.03617219009734043,-0.00979825841697665,0.007428499415317245,0.42577029583334747,14,-0.07180995506164317,14,2,0.0641418397367179,-0.06660046392401252,0.029767512309784177,-0.10090315901747339,1.8596825245039315,1.8071169356561878,-0.2725927000658782,-0.27212998400100386,-0.12187498537145766,-0.003753567627051587,0,0,05
0,-0.0944541178622318,-0.022419734301662643,-0.00979825841697665,0.0032905683808344853,0.44674931681236846,14,-0.10305995506164317,14,1,0.052647586863154676,-0.06660046392401252,0.10047458301685488,0.04909684098252662,1.8613464180147452,1.7924350433234004,-0.3975927000658782,-0.39712998400100386,-0.12855649984807238,-0.029496141884477346,0,0,05
0,-0.09209562729619407,-0.01652582467494357,-0.00979825841697665,-0.000847362653648274,0.30688917695222856,15,-0.08743495506164317,14,11,0.0641418397367179,-0.04361195817688609,0.07017155271382458,-0.16090315901747337,1.8247407607768076,1.7859097578421592,0.10240729993412179,-0.022129984001003855,-0.12187498537145766,0.0021870264323543675,0,0,05
0,-0.05907675937166576,-0.11868692487140728,-0.00979825841697665,-0.000847362653648274,-0.20360033353728188,9,-0.08743495506164317,14,9,0.052647586863154676,-0.13556598116539184,0.1307776133198852,0.2490968409825266,1.879649246633716,1.8397433630623867,0.4774072999341218,0.47787001599899614,-0.1129662994026381,-0.08692188445873474,0,1,05
0,-0.08266166503204313,-0.012596551590464213,-0.0060246735113162735,-0.017399086791579307,0.4187772888403405,14,-0.07180995506164317,14,11,0.11011885123097077,-0.08958896967113895,0.1610806436229155,0.019096840982526616,1.839715802374147,1.78101579373123,-0.1475927000658782,-0.14712998400100386,-0.11964781387925276,-0.015634755745863427,1,1,05
0,-0.047284306541477084,-0.0420660997240595,-0.009259174859025167,0.0005319476911793135,0.08311295317600478,12,-0.07180995506164317,14,12,0.0641418397367179,0.03684781193805644,0.18128266382493569,0.1290968409825266,1.8264046542876253,1.8005916501749504,0.4774072999341218,-0.14712998400100386,-0.09292175597279398,-0.01167435970625948,1,1,05
0,-0.00011449522072236449,-0.07350028439989449,-0.007102840627219238,-0.011881845412268962,-0.15464928458623292,2,-0.06399745506164317,15,1,0.02965908111602824,-0.17004873978608148,0.2923937749360468,0.2990968409825266,1.8863048206769748,1.8381120416920784,0.10240729993412179,0.47787001599899614,-0.03501529717546659,-0.04533772604289313,1,1,05
0,0.009319467043428587,0.003120540747453286,-0.002790172163607378,0.014325051139455175,0.4047912748543264,6,-0.03274745506164317,14,5,0.006670575368901802,-0.020623452429759652,0.2822927648350367,0.029096840982526614,1.8147573997119173,1.7222882244000717,0.2274072999341218,0.35287001599899614,-0.048378326128695984,0.014068214551166277,1,0,05
0,0.04469682553399463,-0.0027733688792657848,-0.00979825841697665,-0.017399086791579307,0.39779826786131944,16,0.08444004493835683,14,14,0.0641418397367179,0.0023650533173667863,-0.11164662910435724,-0.22090315901747337,1.666670877249355,1.6358281917736432,-0.2725927000658782,-0.27212998400100386,-0.012743582253417596,0.02000880861057216,0,0,05
0,-0.06143524993770349,-0.05581855551973729,-0.00979825841697665,0.022600913208420694,0.42577029583334747,14,0.014127544938356829,14,14,0.15609586272522363,0.059836317685182876,-0.13184864930637744,-0.1509031590174734,1.7748239554523484,1.7173942602891406,-0.3975927000658782,-0.27212998400100386,-0.09514892746499888,-0.027515943864675336,0,0,05
0,-0.05671826880562803,-0.09904055944901043,-0.00979825841697665,0.007428499415317245,0.42577029583334747,13,0.15475254493835683,14,12,0.08713034548384434,0.08282482343230932,-0.08134359880132694,-0.23090315901747338,1.7681683814090894,1.776121829620301,-0.2725927000658782,-0.27212998400100386,-0.08846741298838416,-0.08098129039932879,0,0,05
0,-0.09209562729619407,-0.126545471040366,-0.00979825841697665,0.021221602863593106,0.04814791821096982,13,0.13131504493835683,14,13,0.15609586272522363,0.059836317685182876,-0.10154561900334713,-0.010903159017473385,1.8530269504606687,1.8201675066186667,0.2274072999341218,0.6028700159989961,-0.15305538626232626,-0.12058525079536839,0,0,05
0,-0.06143524993770349,-0.12261619795588664,-0.00979825841697665,-0.000847362653648274,-0.12667725661420495,14,0.02975254493835683,14,12,0.0641418397367179,-0.06660046392401252,-0.010636528094256229,0.1990968409825266,1.8480352699282234,1.813642221137429,0.4774072999341218,0.47787001599899614,-0.10405761343381849,-0.12058525079536839,0,0,05
0,-0.06851072163581672,-0.040101463181819855,-0.00979825841697665,-0.0036059833433034457,0.4117842818473335,14,-0.04837245506164317,14,1,0.11011885123097077,-0.08958896967113895,-0.0005355179932461273,-0.040903159017473385,1.804774038647027,1.756545973176581,-0.2725927000658782,-0.27212998400100386,-0.11073912791043315,-0.03147633990427928,0,0,05
0,-0.09209562729619407,-0.038136826639580144,-0.00979825841697665,-0.000847362653648274,0.1810150510781027,15,-0.11868495506164317,15,14,0.052647586863154676,-0.14706023403895505,0.2418887244309963,-0.08090315901747339,1.7681683814090894,1.7125002961782114,0.3524072999341218,0.47787001599899614,-0.15082821477012137,-0.015634755745863427,0,0,06
0,-0.07322770276789217,-0.008667278505984855,-0.00979825841697665,-0.0077439143777862035,0.4117842818473335,14,-0.13430995506164317,15,1,0.006670575368901802,-0.08958896967113895,0.1711816537239256,0.04909684098252662,1.736554404703597,1.6668232978095336,-0.022592700065878213,-0.27212998400100386,-0.12855649984807238,-0.013654557726061488,0,0,06
0,-0.03785034427732613,-0.17762602113859782,-0.00979825841697665,-0.0036059833433034457,-0.23856536850231685,14,-0.06399745506164317,15,15,-0.03930643612535107,-0.08958896967113895,0.211585694127966,0.41909684098252664,1.626737432989788,1.5542621232581457,0.4774072999341218,0.6028700159989961,-0.09737609895720377,-0.14434762703299217,0,1,06
0,-0.047284306541477084,-0.038136826639580144,0.011226000343131166,-0.010502535067441377,0.2089870790501307,14,0.02975254493835683,14,14,0.02965908111602824,0.10581332917943576,0.2418887244309963,-0.000903159017473385,1.5535261185139129,1.5526308018878372,-0.1475927000658782,0.47787001599899614,-0.10628478492602338,-0.05523871614190303,1,1,06
0,-0.0944541178622318,-0.08725274019557229,-0.009259174859025167,0.001911258036006901,0.4117842818473335,12,-0.06399745506164317,15,14,0.0641418397367179,-0.11257747541826539,0.04996953251180438,-0.17090315901747338,1.7548572333225658,1.7108689748079011,-0.2725927000658782,-0.27212998400100386,-0.1263293283558675,-0.05325851812210109,1,0,06
0,-0.10388808012638276,-0.022419734301662643,-0.00979825841697665,-0.0049852936881310305,0.4117842818473335,14,0.014127544938356829,14,2,0.11011885123097077,-0.19303724553320792,-0.051040568498296635,-0.17090315901747338,1.7731600619415346,1.7532833304359603,-0.3975927000658782,-0.27212998400100386,-0.13301084283248216,0.014068214551166277,0,0,06
0,-0.1086050612584582,-0.04403073626629921,-0.00979825841697665,0.001911258036006901,0.3628332328962845,14,-0.13430995506164317,14,2,0.006670575368901802,-0.06660046392401252,0.1307776133198852,0.05909684098252661,1.7731600619415346,1.683136511512633,0.3524072999341218,0.35287001599899614,-0.13969235730909688,-0.02157534980526938,0,0,06
0,-0.04964279710751481,-0.06564173823093572,-0.00979825841697665,-0.0022266729984758583,-0.14765627759322597,14,0.05319004493835683,4,6,0.052647586863154676,0.08282482343230932,-0.16215167960940774,-0.020903159017473385,1.598451243305927,1.5167417317410177,0.3524072999341218,0.47787001599899614,-0.046151154636491096,-0.039397131983487245,0,1,06
0,-0.05435977823959031,-0.13243938066708508,0.010147833227228202,-0.0036059833433034457,0.29290316296621455,7,0.03756504493835683,15,8,0.17908436847235007,0.0023650533173667863,0.15097963352190538,-0.000903159017473385,1.4570202948866255,1.4058118785599418,-0.022592700065878213,0.10287001599899614,-0.13969235730909688,-0.1502882210923981,1,0,06
0,-0.13690694805091105,-0.23852975394802808,-0.00979825841697665,0.007428499415317245,-0.23856536850231685,7,-0.06399745506164317,6,7,0.006670575368901802,-0.08958896967113895,0.10047458301685488,0.2990968409825266,1.4736592299947786,1.467802090631719,0.4774072999341218,0.6028700159989961,-0.16641841521555564,-0.2096941616864575,0,1,06
0,-0.15813336314525067,-0.13833329029380412,0.0063742483215678235,-0.00912322472261379,0.10409197415502582,15,-0.06399745506164317,15,8,0.02965908111602824,-0.08958896967113895,0.2923937749360468,0.07909684098252662,1.5568539055355441,1.5346862668144274,-0.022592700065878213,0.47787001599899614,-0.21541618804406348,-0.11464465673596247,1,0,06
0,-0.1274729857867601,-0.07153564785765479,-0.00979825841697665,-0.002916328170889652,0.4117842818473335,14,-0.0014974550616431714,4,15,0.052647586863154676,-0.020623452429759652,-0.051040568498296635,-0.1509031590174734,1.6417124745871254,1.603201764367444,-0.2725927000658782,-0.27212998400100386,-0.08624024149617927,-0.05325851812210109,0,0,06
0,-0.10388808012638276,-0.05581855551973729,-0.00979825841697665,0.008807809760144832,0.4187772888403405,14,-0.01712245506164317,14,16,-0.03930643612535107,0.0023650533173667863,-0.0005355179932461273,-0.11090315901747339,1.6633430902277238,1.6113583712189938,-0.2725927000658782,-0.27212998400100386,-0.11519347089484298,-0.035436735943883226,0,0,06
0,-0.06143524993770349,-0.09118201328005164,-0.00979825841697665,0.0115664304498,-0.21059334053028889,14,-0.07180995506164317,14,12,0.08713034548384434,-0.11257747541826539,-0.010636528094256229,0.09909684098252662,1.650031942141202,1.621146299440854,0.4774072999341218,0.47787001599899614,-0.12855649984807238,-0.059199112181507044,0,0,06
0,-0.044925815975439355,-0.08332346711109292,-0.00979825841697665,-0.02015770748123448,-0.17562830556525394,14,-0.10305995506164317,15,9,0.052647586863154676,-0.13556598116539184,0.1408786234208953,0.1990968409825266,1.673326451292616,1.6341968704033347,0.3524072999341218,0.47787001599899614,-0.09292175597279398,-0.07306049832012089,0,0,06
0,-0.08737864616411857,-0.04403073626629921,-0.00979825841697665,-0.00912322472261379,0.27891714898020065,14,0.11569004493835683,15,2,-0.03930643612535107,-0.08958896967113895,0.2721917547340266,0.04909684098252662,1.6716625577818003,1.598307800256515,-0.2725927000658782,0.22787001599899614,-0.14414670029350665,-0.007713963666655534,0,1,06
0,-0.07086921220185444,-0.089217376737812,0.006913331879519306,-0.006364604032958618,0.34185421191726356,14,0.08444004493835683,8,14,-0.08528344761960395,0.10581332917943576,-0.010636528094256229,-0.1509031590174734,1.5385510769165753,1.5020598394082285,-0.2725927000658782,-0.022129984001003855,-0.10851195641822826,-0.061179310201308984,1,0,06
0,-0.08266166503204313,-0.06957101131541514,-0.00979825841697665,0.007428499415317245,0.32087519093824257,14,0.20162754493835683,14,14,-0.062294941872477506,0.18627309929437827,0.03986852241079428,-0.10090315901747339,1.4969537391461927,1.4547515196692402,-0.2725927000658782,0.35287001599899614,-0.10405761343381849,-0.04533772604289313,0,1,06
0,-0.0354918537112884,-0.1540503826317216,-0.004946506395413309,0.007428499415317245,-0.23856536850231685,12,0.21725254493835683,14,13,0.17908436847235007,0.18627309929437827,-0.10154561900334713,0.3290968409825266,1.5734928406436974,1.6097270498486855,0.4774072999341218,0.6028700159989961,-0.07733155552735967,-0.1483080230725961,1,1,06
0,-0.023699400881099723,-0.14029792683604378,0.019312253712403405,-0.011192190239855168,-0.13367026360721196,13,0.05319004493835683,13,13,0.0641418397367179,0.013859306190930005,0.1408786234208953,0.3090968409825266,1.758185020344197,1.7483893663250312,0.3524072999341218,0.47787001599899614,-0.09292175597279398,-0.1324664389141803,1,1,06
0,-0.06143524993770349,-0.13047474412484536,0.015538668806743027,-0.011881845412268962,-0.007796137733086109,14,-0.04837245506164317,14,12,0.02965908111602824,-0.020623452429759652,0.2620907446330165,0.2590968409825266,1.8297324413092566,1.8038542929155672,0.4774072999341218,-0.022129984001003855,-0.11742064238704787,-0.11068426069635849,1,1,06
0,-0.07322770276789217,-0.06957101131541514,-0.0060246735113162735,-0.0049852936881310305,-0.042761172698121075,14,-0.07180995506164317,15,1,0.052647586863154676,-0.17004873978608148,0.23178771432998618,0.11909684098252661,1.902943755785128,1.8625818622467276,0.4774072999341218,0.10287001599899614,-0.1352380143246871,-0.06513970624091293,1,0,06
0,-0.05907675937166576,-0.06367710168869607,-0.00979825841697665,-0.02015770748123448,-0.035768165705114076,7,-0.04837245506164317,14,4,-0.09677770049316717,0.0023650533173667863,0.2822927648350367,0.05909684098252661,1.8330602283308843,1.7500206876953397,0.4774072999341218,0.35287001599899614,-0.10628478492602338,-0.061179310201308984,0,0,06
0,-0.011906948050911043,-0.014561188132703927,-0.00979825841697665,0.004669878725662073,-0.021782151719100074,4,0.06881504493835683,6,4,-0.062294941872477506,0.059836317685182876,0.029767512309784177,0.009096840982526616,1.6367207940546784,1.550999480517527,0.4774072999341218,0.10287001599899614,-0.030560954191056772,-0.005733765646853526,0,0,06
0,-0.021340910315061995,-0.05188928243525793,-0.00979825841697665,0.0005319476911793135,0.39779826786131944,14,0.03756504493835683,15,14,0.02965908111602824,0.013859306190930005,-0.08134359880132694,-0.14090315901747338,1.6317291135222332,1.6015704429971358,-0.2725927000658782,-0.27212998400100386,-0.03724246866767149,-0.017614953765665433,0,0,06
0,-0.07794468389996767,-0.06564173823093572,-0.00979825841697665,0.012945740794627588,0.4047912748543264,14,0.02975254493835683,15,14,0.052647586863154676,0.059836317685182876,-0.04093955839728653,-0.13090315901747338,1.6883014928899533,1.676611226031392,-0.2725927000658782,-0.022129984001003855,-0.07733155552735967,-0.05127832010229908,0,0,06
0,-0.10388808012638276,-0.05581855551973729,-0.00979825841697665,0.0115664304498,0.39779826786131944,14,-0.08743495506164317,15,15,0.006670575368901802,-0.13556598116539184,0.04996953251180438,-0.1809031590174734,1.8014462516253955,1.78101579373123,-0.2725927000658782,-0.39712998400100386,-0.1352380143246871,-0.02157534980526938,0,1,06
0,-0.10624657069242048,-0.10689910561796914,-0.008181007743122203,-0.016019776446751722,-0.042761172698121075,12,-0.04837245506164317,14,12,0.08713034548384434,-0.020623452429759652,0.20148468402695588,0.1990968409825266,1.9095993298283909,1.8756324332092065,0.3524072999341218,0.10287001599899614,-0.17532710118437525,-0.07504069633992283,1,1,06
0,-0.08502015559808085,-0.10296983253348978,-0.0011729214897529306,-0.0049852936881310305,-0.11269124262819098,15,-0.10305995506164317,14,8,0.0641418397367179,-0.17004873978608148,0.2721917547340266,0.3690968409825266,1.9412133065338795,1.8935769682826145,0.4774072999341218,0.22787001599899614,-0.12187498537145766,-0.11860505277556642,1,1,06
0,-0.03313336314525068,-0.08135883056885321,0.059204437000813105,-0.006364604032958618,-0.105698235635184,14,-0.14993495506164317,15,1,-0.03930643612535107,-0.13556598116539184,0.2923937749360468,0.3190968409825266,1.8979520752526828,1.8299554348405287,0.4774072999341218,0.47787001599899614,-0.1129662994026381,-0.07900109237952685,1,1,06
0,-0.03785034427732613,-0.09314664982229136,-0.0006338379318014489,-0.014640466101924135,-0.13367026360721196,14,-0.14993495506164317,14,2,0.02965908111602824,-0.11257747541826539,0.2923937749360468,0.28909684098252664,1.7981184646037642,1.73370747399224,0.6024072999341218,0.47787001599899614,-0.11519347089484298,-0.08890208247853672,1,1,07
0,-0.03313336314525068,-0.034207553555100786,-0.0017120050477044137,-0.010502535067441377,0.13206400212705374,7,-0.10305995506164317,15,3,-0.03930643612535107,-0.14706023403895505,0.2923937749360468,0.06909684098252661,1.6866375993791376,1.6407221558845742,0.6024072999341218,-0.14712998400100386,-0.10628478492602338,0.0002068284125523591,1,1,07
0,-0.0944541178622318,-0.03224291701286107,-0.009259174859025167,-0.0077439143777862035,0.2998961699592216,14,-0.07180995506164317,15,1,0.08713034548384434,-0.08958896967113895,0.20148468402695588,-0.000903159017473385,1.6866375993791376,1.6358281917736432,-0.2725927000658782,-0.022129984001003855,-0.14414670029350665,-0.03345653792408129,1,0,07
0,-0.1086050612584582,-0.126545471040366,-0.00979825841697665,-0.011192190239855168,0.44674931681236846,14,-0.0014974550616431714,15,15,0.0641418397367179,-0.04361195817688609,-0.051040568498296635,-0.11090315901747339,1.7498655527901206,1.6929244397344914,-0.2725927000658782,-0.27212998400100386,-0.15305538626232626,-0.09484267653794266,0,0,07
0,-0.13690694805091105,-0.09707592290677071,-0.00979825841697665,0.004669878725662073,0.42577029583334747,14,-0.03274745506164317,14,14,0.0641418397367179,-0.06660046392401252,0.03986852241079428,-0.14090315901747338,1.724907150127891,1.6798738687720125,-0.2725927000658782,-0.27212998400100386,-0.17087275819996547,-0.06910010228051695,0,0,07
0,-0.15105789144713747,-0.11279301524468821,-0.00979825841697665,-0.000847362653648274,0.28591015597320757,14,-0.0014974550616431714,14,15,0.1331073569780972,-0.13556598116539184,0.03986852241079428,-0.08090315901747339,1.741546085236044,1.705975010696972,0.4774072999341218,0.47787001599899614,-0.19314447312201447,-0.09484267653794266,0,0,07
0,-0.16520883484336388,-0.06564173823093572,-0.00979825841697665,-0.0049852936881310305,0.28591015597320757,14,-0.06399745506164317,14,11,0.08713034548384434,-0.14706023403895505,0.09037357291584479,-0.11090315901747339,1.8081018256686545,1.7630712586578203,-0.2725927000658782,0.10287001599899614,-0.204280330583039,-0.041377330003289185,0,0,07
0,-0.146340910315062,-0.10296983253348978,-0.00979825841697665,-0.016019776446751722,0.23695910702215864,15,-0.13430995506164317,15,2,0.02965908111602824,-0.06660046392401252,0.23178771432998618,0.08909684098252661,1.7798156359847974,1.7092376534375908,0.10240729993412179,0.47787001599899614,-0.18423578715319486,-0.09088228049833869,0,0,07
0,-0.0944541178622318,-0.195307750018755,-0.00979825841697665,-0.0077439143777862035,-0.23856536850231685,14,-0.01712245506164317,15,14,0.006670575368901802,-0.06660046392401252,0.1913836739259458,0.3790968409825266,1.6250735394789724,1.5689440155909367,0.6024072999341218,0.6028700159989961,-0.15305538626232626,-0.16612980525081394,0,1,07
0,-0.06143524993770349,-0.16387356534292002,0.004217914089761894,-0.006364604032958618,-0.23157236150930985,13,0.06881504493835683,16,13,0.1331073569780972,0.0023650533173667863,0.15097963352190538,0.3090968409825266,1.6566875161844627,1.686399154253252,0.4774072999341218,0.47787001599899614,-0.09514892746499888,-0.1423674290131902,1,1,07
0,-0.06851072163581672,-0.09707592290677071,0.04896184939973495,0.17708367182911036,0.11108498114803278,13,-0.03274745506164317,14,12,0.052647586863154676,-0.06660046392401252,0.2822927648350367,0.14909684098252662,1.8197490802443625,1.78101579373123,0.3524072999341218,0.22787001599899614,-0.14860104327791648,-0.1126644587161605,1,1,07
0,-0.10152958956034502,-0.10296983253348978,-0.009259174859025167,-0.0049852936881310305,0.2719241419871936,14,-0.10305995506164317,14,5,0.02965908111602824,-0.06660046392401252,0.2721917547340266,0.08909684098252661,1.783143423006425,1.7027123679563514,0.4774072999341218,0.47787001599899614,-0.16419124372335075,-0.07504069633992283,1,1,07
0,-0.10388808012638276,-0.05581855551973729,-0.009259174859025167,-0.014640466101924135,0.3628332328962845,15,-0.10305995506164317,15,8,0.006670575368901802,-0.06660046392401252,0.1913836739259458,-0.09090315901747338,1.6932931734224004,1.6358281917736432,-0.2725927000658782,0.35287001599899614,-0.1463738717857116,-0.037416933963685235,1,0,07
0,-0.05435977823959031,-0.11868692487140728,-0.00979825841697665,0.001911258036006901,-0.22457935451630284,7,-0.07180995506164317,7,1,-0.09677770049316717,-0.14706023403895505,-0.04093955839728653,0.3090968409825266,1.6134262849032643,1.5428428736659772,0.4774072999341218,0.47787001599899614,-0.0795587270195646,-0.1483080230725961,0,1,07
0,0.004602485911353091,0.018837633085370717,-0.004946506395413309,-0.010502535067441377,0.18800805807110968,13,-0.04837245506164317,4,4,0.052647586863154676,-0.06660046392401252,0.029767512309784177,-0.030903159017473383,1.4786509105272239,1.4090745213005607,-0.2725927000658782,0.10287001599899614,-0.021652268222237165,0.041790986828393974,1,1,07
0,-0.047284306541477084,-0.06564173823093572,-0.009259174859025167,-0.0049852936881310305,0.34884721891027054,15,0.25631504493835683,6,15,-0.062294941872477506,0.1402960878001254,0.09037357291584479,-0.11090315901747339,1.3189171334889556,1.265518240713286,-0.2725927000658782,-0.14712998400100386,-0.07287721254294988,-0.059199112181507044,1,1,07
0,-0.014265438616948772,-0.1540503826317216,-0.004407422837461826,0.025359533898075864,0.39779826786131944,8,0.23287754493835683,8,8,0.21356712709303974,0.23225011078863114,-0.11164662910435724,-0.12090315901747338,1.3239088140214008,1.3242458100444443,-0.022592700065878213,-0.27212998400100386,-0.09069458448058909,-0.1324664389141803,1,0,07
0,-0.05907675937166576,-0.061712465146456355,-0.00979825841697665,0.010187120104972419,0.42577029583334747,14,0.03756504493835683,14,16,0.15609586272522363,0.013859306190930005,-0.08134359880132694,-0.1509031590174734,1.570165053622066,1.5803632651831052,-0.2725927000658782,-0.022129984001003855,-0.0795587270195646,-0.029496141884477346,0,0,07
0,-0.13454845748487332,-0.12261619795588664,-0.00979825841697665,0.0115664304498,0.11807798814103974,14,-0.04837245506164317,15,15,0.08713034548384434,-0.020623452429759652,0.06007054261281448,-0.040903159017473385,1.6749903448034316,1.6080957284783752,-0.1475927000658782,0.47787001599899614,-0.15973690073894098,-0.10672386465675454,0,0,07
0,-0.11803902352260916,-0.12851010758260567,-0.00979825841697665,0.0032905683808344853,0.1530430231060747,15,0.06881504493835683,15,8,-0.016317930378224633,0.08282482343230932,-0.08134359880132694,-0.040903159017473385,1.5601816925571756,1.4759586974832688,-0.022592700065878213,0.47787001599899614,-0.13078367134027727,-0.12454564683497238,0,0,07
0,-0.08502015559808085,-0.14619183646276285,-0.00979825841697665,0.007428499415317245,0.11807798814103974,12,0.17037754493835683,14,12,0.11011885123097077,0.1288018349265622,-0.17225268971041785,-0.12090315901747338,1.5951234562842955,1.626040263551785,0.2274072999341218,-0.27212998400100386,-0.15305538626232626,-0.11068426069635849,0,0,07
0,-0.17228430654147708,-0.08135883056885321,-0.00979825841697665,-0.0036059833433034457,0.42577029583334747,14,-0.04837245506164317,15,4,0.0641418397367179,0.03684781193805644,-0.010636528094256229,-0.16090315901747337,1.6932931734224004,1.6048330857377544,-0.2725927000658782,-0.022129984001003855,-0.19091730162980958,-0.04929812208249715,0,1,07
0,-0.10152958956034502,-0.09707592290677071,-0.008720091301073686,0.0005319476911793135,-0.084719214656163,7,0.014127544938356829,4,2,-0.1197662062402936,-0.08958896967113895,0.04996953251180438,0.16909684098252661,1.5518622250030991,1.4743273761129585,0.4774072999341218,0.47787001599899614,-0.13078367134027727,-0.11662485475576445,1,0,07
0,-0.03785034427732613,-0.07546492094213414,-0.00979825841697665,-0.0049852936881310305,0.24395211401516567,14,0.17037754493835683,14,15,0.052647586863154676,0.18627309929437827,0.11057559311786498,-0.16090315901747337,1.4237424246703194,1.3927613075974612,0.4774072999341218,-0.27212998400100386,-0.1129662994026381,-0.05127832010229908,0,0,07
0,-0.05435977823959031,-0.12261619795588664,-0.00979825841697665,0.030876775277386213,0.4327633028263544,14,0.30319004493835683,14,15,0.21356712709303974,0.16328459354725183,-0.21265673011445824,-0.2409031590174734,1.4703314429731473,1.5167417317410177,-0.2725927000658782,0.10287001599899614,-0.11964781387925276,-0.11068426069635849,0,0,07
0,-0.07086921220185444,-0.03617219009734043,-0.00979825841697665,-0.0049852936881310305,0.07611994618299782,15,0.03756504493835683,15,15,-0.03930643612535107,0.1288018349265622,-0.07124258870031683,-0.16090315901747337,1.633393007033049,1.6113583712189938,-0.2725927000658782,0.35287001599899614,-0.07287721254294988,-0.03345653792408129,0,0,07
0,-0.030774872579212947,-0.038136826639580144,-0.00979825841697665,0.007428499415317245,0.4327633028263544,15,0.02975254493835683,7,8,-0.062294941872477506,0.059836317685182876,-0.08134359880132694,-0.13090315901747338,1.6932931734224004,1.626040263551785,-0.2725927000658782,0.35287001599899614,-0.03501529717546659,-0.01167435970625948,0,0,07
0,0.00696097647739086,0.05813036393016443,-0.00979825841697665,0.023980223553248282,0.1950010650641167,8,0.27194004493835683,6,8,-0.09677770049316717,0.16328459354725183,-0.2530607705184987,-0.2609031590174734,1.5135926742543457,1.4368069845958304,0.2274072999341218,0.47787001599899614,-0.0016077247923930965,0.06555336306601772,0,0,07
0,-0.0354918537112884,-0.059747828604216714,-0.00979825841697665,0.02673884424290345,0.4327633028263544,14,0.10006504493835683,14,14,0.02965908111602824,0.059836317685182876,-0.19245470991243804,-0.2909031590174734,1.6067707108600036,1.6097270498486855,-0.2725927000658782,-0.39712998400100386,-0.09514892746499888,-0.029496141884477346,0,0,07
0,-0.15577487257921294,-0.08528810365333257,-0.00979825841697665,0.0032905683808344853,0.43975630981936137,4,-0.10305995506164317,15,1,0.052647586863154676,-0.08958896967113895,-0.02073753819526633,-0.040903159017473385,1.7232432566170752,1.6619293336986027,0.2112940186841218,-0.39712998400100386,-0.16419124372335075,-0.08890208247853672,0,0,07
0,-0.10152958956034502,0.016872996543131073,-0.00979825841697665,0.0060491890704896575,0.22297309303614463,6,-0.08743495506164317,7,5,-0.08528344761960395,0.0023650533173667863,-0.21265673011445824,-0.10090315901747339,1.6167540719248958,1.5248983385925674,0.3524072999341218,-0.022129984001003855,-0.04169681165208127,0.025949402669978115,0,0,07
0,0.056489278364183305,0.062059637014643856,-0.00979825841697665,0.012945740794627588,0.11108498114803278,0,0.0,15,16,0.006670575368901802,0.10581332917943576,-0.14194965940738755,-0.09090315901747338,1.4803148040380396,1.5248983385925674,-0.2725927000658782,0.47787001599899614,0.0763432774347784,-0.005733765646853526,0,0,08
0,-0.10388808012638276,-0.06957101131541514,-0.00979825841697665,0.001911258036006901,0.3628332328962845,5,0.014127544938356829,15,1,0.02965908111602824,-0.11257747541826539,0.029767512309784177,-0.020903159017473385,1.7215793631062595,1.6619293336986027,-0.2725927000658782,-0.022129984001003855,-0.11964781387925276,-0.04335752802309119,0,1,08
0,-0.026057891447137452,-0.04403073626629921,-0.0006338379318014489,0.008807809760144832,0.37681924688229856,15,0.10006504493835683,14,15,0.052647586863154676,0.1288018349265622,0.2216867042289761,-0.20090315901747338,1.5435427574490226,1.495534553926989,-0.022592700065878213,-0.27212998400100386,-0.0795587270195646,-0.025535745844873326,1,0,08
0,-0.0755861933339299,-0.11475765178692786,-0.00979825841697665,0.03225608562221379,0.45374232380537544,14,0.23287754493835683,16,14,0.006670575368901802,0.18627309929437827,-0.18235369981142793,-0.19090315901747337,1.5834762017085895,1.5689440155909367,-0.2725927000658782,-0.27212998400100386,-0.11073912791043315,-0.08692188445873474,0,0,08
0,-0.08030317446600539,-0.04403073626629921,-0.00979825841697665,0.0060491890704896575,0.4607353307983824,14,0.03756504493835683,14,14,-0.016317930378224633,0.03684781193805644,-0.051040568498296635,-0.1809031590174734,1.6533597291628315,1.6407221558845742,-0.2725927000658782,-0.27212998400100386,-0.08624024149617927,-0.02157534980526938,0,0,08
0,-0.08266166503204313,-0.01652582467494357,-0.00979825841697665,0.0005319476911793135,0.4607353307983824,14,-0.0014974550616431714,15,8,0.02965908111602824,-0.13556598116539184,-0.03083854829627643,-0.2109031590174734,1.7432099787468598,1.6978184038454223,-0.2725927000658782,-0.27212998400100386,-0.10628478492602338,0.012088016531364269,0,0,08
0,-0.09917109899430726,-0.04796000935077857,-0.00979825841697665,0.0115664304498,0.4677283377913894,13,-0.0014974550616431714,15,14,0.052647586863154676,-0.13556598116539184,-0.0005355179932461273,-0.19090315901747337,1.804774038647027,1.7320761526219317,-0.2725927000658782,-0.39712998400100386,-0.14191952880130176,-0.017614953765665433,0,1,08
0,-0.06143524993770349,-0.14029792683604378,-0.007641924185170721,-0.0022266729984758583,-0.23856536850231685,3,0.02975254493835683,14,1,0.006670575368901802,-0.11257747541826539,0.2418887244309963,0.2990968409825266,1.9046076492959456,1.8756324332092065,0.4774072999341218,0.47787001599899614,-0.11742064238704787,-0.13642683495378424,1,1,08
0,-0.066152231069779,-0.040101463181819855,0.0026006634159074452,-0.0049852936881310305,0.38381225387530554,2,-0.04837245506164317,15,5,-0.016317930378224633,0.013859306190930005,0.211585694127966,-0.010903159017473385,1.8996159687634966,1.812010899767117,0.10240729993412179,-0.14712998400100386,-0.10851195641822826,-0.035436735943883226,1,0,08
0,-0.08737864616411857,0.007049813831932644,-0.00979825841697665,0.0032905683808344853,0.32087519093824257,8,-0.03274745506164317,15,4,-0.03930643612535107,-0.04361195817688609,0.2216867042289761,-0.12090315901747338,1.8430435893957784,1.7630712586578203,-0.1475927000658782,0.35287001599899614,-0.11964781387925276,0.03188999672938407,0,1,08
0,-0.026057891447137452,0.03455472542328822,-0.009259174859025167,0.007428499415317245,0.4677283377913894,7,0.06881504493835683,7,7,0.0641418397367179,0.08282482343230932,-0.17225268971041785,-0.17090315901747338,1.7848073165172424,1.6880304756235622,-0.3975927000658782,-0.27212998400100386,0.025118333114065687,0.06951375910562167,1,0,08
0,0.04469682553399463,-0.01652582467494357,-0.00979825841697665,0.03501470631186897,0.3698262398892915,14,0.08444004493835683,9,15,0.02965908111602824,-0.020623452429759652,-0.21265673011445824,-0.3109031590174734,1.7897989970496877,1.7712278655093683,-0.2725927000658782,-0.27212998400100386,-0.032788125683261664,0.01010781851156226,0,0,08
0,-0.09917109899430726,-0.01652582467494357,-0.00979825841697665,0.021221602863593106,0.5026933727564243,14,-0.01712245506164317,14,2,0.1331073569780972,-0.020623452429759652,-0.11164662910435724,-0.1509031590174734,1.8380519088633331,1.7679652227687495,-0.3975927000658782,-0.39712998400100386,-0.11742064238704787,0.0041672244521563755,0,0,08
0,-0.10624657069242048,-0.0420660997240595,-0.00979825841697665,0.004669878725662073,0.47472134478439637,15,-0.11868495506164317,14,1,0.0641418397367179,-0.04361195817688609,0.009565492107763973,-0.010903159017473385,1.8596825245039315,1.798960328804638,-0.2725927000658782,-0.27212998400100386,-0.11519347089484298,-0.02157534980526938,0,0,08
0,-0.09681260842826953,-0.004738005421505498,-0.00979825841697665,-0.0049852936881310305,0.49570036576341736,14,-0.08743495506164317,15,8,0.08713034548384434,-0.13556598116539184,0.009565492107763973,-0.2909031590174734,1.8014462516253955,1.7222882244000717,-0.2725927000658782,-0.27212998400100386,-0.10851195641822826,0.03188999672938407,0,0,08
0,-0.05671826880562803,0.014908360000891359,-0.00979825841697665,0.01708367182911035,0.5026933727564243,14,0.20162754493835683,14,15,-0.09677770049316717,-0.06660046392401252,-0.20255572001344815,-0.2909031590174734,1.719915469595444,1.6521414054767427,-0.3975927000658782,-0.39712998400100386,-0.07287721254294988,0.04971177890760187,0,0,08
0,-0.06379374050374122,-0.03617219009734043,-0.00979825841697665,0.004669878725662073,0.5026933727564243,14,0.014127544938356829,14,10,0.11011885123097077,-0.020623452429759652,-0.17225268971041785,-0.23090315901747338,1.741546085236044,1.7027123679563514,-0.2725927000658782,-0.27212998400100386,-0.07733155552735967,-0.041377330003289185,0,0,08
0,-0.08737864616411857,-0.045995372808538854,-0.00979825841697665,0.01708367182911035,0.4327633028263544,14,-0.10305995506164317,15,1,0.08713034548384434,-0.04361195817688609,-0.04093955839728653,-0.07090315901747339,1.8081018256686545,1.7500206876953397,-0.2725927000658782,-0.27212998400100386,-0.12855649984807238,-0.01167435970625948,0,0,08
0,-0.10388808012638276,-0.045995372808538854,-0.00979825841697665,0.007428499415317245,0.44674931681236846,14,-0.13430995506164317,15,1,-0.016317930378224633,-0.020623452429759652,0.07017155271382458,0.07909684098252662,1.7848073165172424,1.7108689748079011,0.4774072999341218,-0.27212998400100386,-0.09960327044940866,-0.037416933963685235,0,0,08
0,-0.06851072163581672,0.030625452338808857,-0.00979825841697665,0.0060491890704896575,0.48171435177740346,2,-0.10305995506164317,15,1,0.08713034548384434,-0.020623452429759652,0.10047458301685488,-0.13090315901747338,1.7315627241711518,1.6521414054767427,-0.2725927000658782,-0.27212998400100386,-0.08624024149617927,0.01802861059077022,0,0,08
0,0.009319467043428587,0.038483998507767576,-0.00979825841697665,0.0060491890704896575,0.14605001611306775,6,-0.13430995506164317,15,4,-0.03930643612535107,-0.14706023403895505,-0.010636528094256229,-0.1509031590174734,1.7115960020413674,1.6374595131439535,0.4774072999341218,-0.27212998400100386,-0.05505984060531066,0.06951375910562167,0,0,08
0,-0.03313336314525068,0.05813036393016443,-0.00979825841697665,0.0060491890704896575,0.47472134478439637,5,-0.01712245506164317,15,5,-0.016317930378224633,0.013859306190930005,0.029767512309784177,-0.16090315901747337,1.7232432566170752,1.6293029062924038,-0.2725927000658782,-0.27212998400100386,-0.07510438403515476,0.09525633336304742,0,0,08
0,0.02111191987361727,0.030625452338808857,-0.00979825841697665,0.025359533898075864,-0.014789144726093077,8,0.18600254493835683,8,8,0.11011885123097077,0.1288018349265622,-0.18235369981142793,-0.12090315901747338,1.5951234562842955,1.5265296599628777,0.2274072999341218,0.47787001599899614,0.10752367832564705,0.04971177890760187,0,1,08
0,-0.0755861933339299,-0.21495411544115187,0.078072361529115,0.028118154587731037,-0.23856536850231685,14,0.27194004493835683,14,14,0.21356712709303974,0.1402960878001254,0.2620907446330165,0.41909684098252664,1.4969537391461927,1.4155998067818,0.6024072999341218,0.6028700159989961,-0.16641841521555564,-0.2116743597062595,1,1,08
0,-0.1086050612584582,-0.13243938066708508,0.09747936961536835,0.01447302833196131,-0.14066327060021896,16,0.28756504493835683,14,14,0.23655563284016617,0.1402960878001254,-0.12174763920536734,-0.05090315901747339,1.5535261185139129,1.5591560873690766,0.3524072999341218,0.47787001599899614,-0.11742064238704787,-0.09484267653794266,1,0,08
0,-0.07794468389996767,-0.05188928243525793,-0.00979825841697665,0.001911258036006901,0.43975630981936137,14,-0.01712245506164317,14,11,0.11011885123097077,-0.020623452429759652,-0.15205066950839763,-0.09090315901747338,1.6766542383142473,1.6390908345142639,-0.2725927000658782,0.22787001599899614,-0.09292175597279398,-0.029496141884477346,0,0,08
0,-0.10152958956034502,-0.028313643928381715,-0.00979825841697665,0.004669878725662073,0.14605001611306775,14,0.03756504493835683,15,14,0.006670575368901802,0.0023650533173667863,0.03986852241079428,-0.2409031590174734,1.6550236226736472,1.5917825147752755,-0.022592700065878213,0.47787001599899614,-0.09960327044940866,-0.035436735943883226,0,0,08
0,-0.044925815975439355,-0.07939419402661357,-0.00979825841697665,0.0060491890704896575,-0.06374019367714204,14,0.014127544938356829,14,12,0.1331073569780972,-0.04361195817688609,-0.14194965940738755,0.04909684098252662,1.6533597291628315,1.6358281917736432,0.4774072999341218,0.47787001599899614,-0.07287721254294988,-0.0829614884191308,0,0,08
0,-0.10388808012638276,-0.06957101131541514,-0.00979825841697665,-0.0036059833433034457,-0.035768165705114076,14,-0.06399745506164317,14,2,0.052647586863154676,-0.08958896967113895,0.08027256281483468,-0.040903159017473385,1.6383846875654942,1.5542621232581457,0.3524072999341218,0.47787001599899614,-0.07510438403515476,-0.05127832010229908,0,0,08
0,-0.09209562729619407,-0.03027828047062143,-0.00979825841697665,-0.010502535067441377,0.38381225387530554,14,-0.10305995506164317,14,1,0.02965908111602824,-0.04361195817688609,-0.02073753819526633,-0.08090315901747339,1.6883014928899533,1.6554040482173633,-0.022592700065878213,0.47787001599899614,-0.08401307000397437,-0.04335752802309119,0,0,08
0,-0.09209562729619407,0.003120540747453286,-0.00979825841697665,0.0115664304498,0.48171435177740346,5,-0.08743495506164317,15,1,0.006670575368901802,0.0023650533173667863,0.04996953251180438,-0.08090315901747339,1.7598489138550129,1.6994497252157326,-0.3975927000658782,-0.27212998400100386,-0.07733155552735967,0.01010781851156226,0,0,08
0,-0.047284306541477084,0.0640242735568835,-0.00979825841697665,0.014325051139455175,0.5096863797494313,14,-0.11868495506164317,15,1,0.052647586863154676,-0.06660046392401252,-0.09144460890233704,-0.12090315901747338,1.8247407607768076,1.8054856142858793,-0.022592700065878213,-0.27212998400100386,-0.046151154636491096,0.04971177890760187,0,0,09
0,0.023470410439654994,0.003120540747453286,-0.00979825841697665,0.0032905683808344853,0.3628332328962845,5,0.10006504493835683,5,5,0.08713034548384434,0.1288018349265622,0.1610806436229155,0.11909684098252661,1.8779853531228983,1.8054856142858793,0.4774072999341218,-0.022129984001003855,0.04516287654390983,0.014068214551166277,0,0,09
0,0.035262863269843674,0.02080226962761043,-0.00979825841697665,0.012945740794627588,0.4887073587704104,5,0.10006504493835683,4,5,-0.062294941872477506,0.10581332917943576,-0.051040568498296635,0.009096840982526616,1.8081018256686545,1.7092376534375908,-0.2725927000658782,-0.27212998400100386,0.03625419057509018,0.041790986828393974,0,0,09
0,0.06828173119437199,0.009014450374172287,-0.00979825841697665,0.03225608562221379,-0.23856536850231685,4,-0.03274745506164317,6,15,0.052647586863154676,-0.04361195817688609,-0.08134359880132694,0.13909684098252661,1.6932931734224004,1.6456161199955033,0.6024072999341218,0.6028700159989961,0.03625419057509018,-0.02355554782507139,0,1,09
0,0.01639493874154177,-0.06564173823093572,0.021468587944209333,0.014325051139455175,0.2719241419871936,14,0.13131504493835683,8,14,0.052647586863154676,0.16328459354725183,-0.12174763920536734,-0.17090315901747338,1.61509017841408,1.6015704429971358,-0.2725927000658782,0.35287001599899614,-0.03724246866767149,-0.04731792406269514,1,1,09
0,-0.07322770276789217,-0.06957101131541514,-0.007641924185170721,0.012945740794627588,0.5096863797494313,16,0.10006504493835683,14,9,0.15609586272522363,0.16328459354725183,-0.16215167960940774,-0.2109031590174734,1.7665044878982736,1.7695965441390598,-0.2725927000658782,-0.27212998400100386,-0.07510438403515476,-0.04731792406269514,1,1,09
0,-0.12511449522072238,0.038483998507767576,-0.009259174859025167,0.018462982173937933,0.5096863797494313,16,0.08444004493835683,15,14,0.052647586863154676,0.013859306190930005,-0.14194965940738755,-0.3109031590174734,1.8081018256686545,1.75165200906565,-0.2725927000658782,-0.27212998400100386,-0.061741355081925374,0.07149395712542367,1,0,09
0,-0.06851072163581672,-0.014561188132703927,-0.00979825841697665,0.014325051139455175,0.5096863797494313,2,-0.10305995506164317,14,2,-0.016317930378224633,-0.020623452429759652,-0.08134359880132694,0.019096840982526616,1.9012798622743141,1.8152735425077375,-0.2725927000658782,-0.39712998400100386,-0.039469640159876376,-0.017614953765665433,0,0,09
0,-0.066152231069779,0.11510482365511536,-0.00979825841697665,0.03363539596704138,0.42577029583334747,8,-0.06399745506164317,14,14,0.052647586863154676,-0.06660046392401252,-0.10154561900334713,-0.3209031590174734,1.8147573997119173,1.714131617548522,0.3524072999341218,0.10287001599899614,-0.023879439714442095,0.14674148187789893,0,0,09
0,0.056489278364183305,0.046342544676726355,-0.00979825841697665,0.023980223553248282,0.14605001611306775,11,0.02975254493835683,15,3,-0.03930643612535107,0.0023650533173667863,-0.37427289173061984,0.13909684098252661,1.7315627241711518,1.7206569030297614,0.2274072999341218,0.35287001599899614,0.10752367832564705,-0.029496141884477346,0,0,09
0,-0.026057891447137452,0.1347511890775122,-0.00979825841697665,0.007428499415317245,0.49570036576341736,7,0.014127544938356829,15,7,-0.08528344761960395,0.059836317685182876,0.1610806436229155,-0.3209031590174734,1.6683347707601708,1.5493681591472166,-0.3975927000658782,-0.39712998400100386,-0.030560954191056772,0.1724840561353247,0,0,09
0,0.06828173119437199,0.15046828141542973,-0.00979825841697665,0.04604918907048965,0.5096863797494313,8,0.15475254493835683,7,15,0.1331073569780972,0.18627309929437827,-0.39447491193264006,-0.4309031590174734,1.4786509105272239,1.4123371640411813,-0.2725927000658782,-0.27212998400100386,0.1542942796619499,0.17644445217492863,0,0,09
0,-0.009548457484873317,-0.09314664982229136,-0.00979825841697665,0.059842292518765515,0.2089870790501307,9,0.11569004493835683,12,11,-0.03930643612535107,0.03684781193805644,-0.17225268971041785,0.009096840982526616,1.6084346043708193,1.6309342276627141,-0.022592700065878213,0.47787001599899614,-0.01719792523782738,-0.08890208247853672,0,1,09
0,-0.066152231069779,-0.12851010758260567,0.039797428914559736,0.029497464932558625,0.11108498114803278,12,0.13912754493835683,12,12,-0.016317930378224633,0.013859306190930005,0.03986852241079428,0.34909684098252663,1.7465377657684893,1.7386014381031711,0.2274072999341218,0.47787001599899614,-0.09514892746499888,-0.1720703993102199,1,1,09
0,-0.08737864616411857,-0.08725274019557229,0.003139746973858928,-0.0022266729984758583,0.45374232380537544,0,0.0,0,0,0.0,0.0,-0.010636528094256229,0.04909684098252662,1.7814795294956112,1.7451267235844106,-0.2725927000658782,-0.14712998400100386,-0.07287721254294988,-0.07900109237952685,1,1,09
0,-0.09209562729619407,-0.08135883056885321,-0.008720091301073686,0.010187120104972419,0.2719241419871936,0,0.0,0,0,0.0,0.0,0.09037357291584479,0.05909684098252661,1.783143423006425,1.7369701167328608,0.2274072999341218,-0.022129984001003855,-0.08846741298838416,-0.07504069633992283,1,1,09
0,-0.07086921220185444,-0.022419734301662643,-0.009259174859025167,-0.000847362653648274,0.5166793867424384,0,0.0,0,5,0.0,0.059836317685182876,0.04996953251180438,0.009096840982526616,1.7565211268333814,1.673348583290773,-0.2725927000658782,-0.39712998400100386,-0.023879439714442095,0.01010781851156226,1,0,09
0,0.07535720289248517,0.03651936196552793,-0.00979825841697665,0.04053194769117932,-0.1896143195512679,14,0.06881504493835683,4,4,0.02965908111602824,-0.14706023403895505,-0.23285875031647846,0.2190968409825266,1.598451243305927,1.5868885506643446,0.4774072999341218,0.6028700159989961,0.0874791348958029,-0.029496141884477346,0,1,09
0,-0.044925815975439355,0.038483998507767576,-0.0033292557215588614,0.0032905683808344853,0.5306654007284524,14,-0.04837245506164317,8,15,0.006670575368901802,-0.04361195817688609,-0.27326279072051884,-0.3109031590174734,1.7465377657684893,1.6570353695876736,-0.2725927000658782,-0.27212998400100386,0.016209647145246118,0.06753356108581973,1,0,09
0,0.03997984440191913,0.07777672935256129,-0.00979825841697665,0.030876775277386213,0.49570036576341736,14,0.20162754493835683,4,15,0.08713034548384434,0.10581332917943576,-0.32376784122556934,-0.3609031590174734,1.6084346043708193,1.5004285180379182,-0.3975927000658782,-0.27212998400100386,0.08302479191139311,0.11109791752146328,0,0,09
0,-0.06143524993770349,-0.09904055944901043,-0.00979825841697665,0.044669878725662075,0.4117842818473335,12,0.20162754493835683,16,9,0.02965908111602824,0.16328459354725183,-0.26316178061950873,-0.11090315901747339,1.6417124745871254,1.6700859405501525,-0.022592700065878213,0.22787001599899614,-0.08624024149617927,-0.06711990426071494,0,1,09
0,-0.10388808012638276,-0.05188928243525793,-0.0011729214897529306,0.019842292518765518,0.5026933727564243,12,0.03756504493835683,14,11,0.0641418397367179,-0.020623452429759652,-0.15205066950839763,-0.040903159017473385,1.7681683814090894,1.73370747399224,-0.2725927000658782,-0.27212998400100386,-0.048378326128695984,-0.017614953765665433,1,0,09
0,-0.05907675937166576,0.08170600243704071,-0.00979825841697665,0.007428499415317245,0.5306654007284524,15,-0.08743495506164317,15,2,0.08713034548384434,-0.020623452429759652,-0.10154561900334713,-0.07090315901747339,1.7115960020413674,1.6195149780705436,-0.2725927000658782,-0.39712998400100386,-0.006062067776802881,0.039810788808591964,0,0,09
0,-0.01898241974902427,0.09152918514823914,-0.00979825841697665,0.019842292518765518,0.5166793867424384,14,0.06881504493835683,15,15,-0.03930643612535107,0.10581332917943576,-0.23285875031647846,-0.2609031590174734,1.6134262849032643,1.5216356958519468,-0.3975927000658782,0.10287001599899614,0.09416064937241761,0.10317712544225538,0,0,09
0,0.025828901005692722,-0.018490461217183285,-0.00979825841697665,0.043290568380834483,0.39080526086831247,10,0.08444004493835683,12,11,0.0641418397367179,0.2092616050415047,-0.40457592203365017,0.07909684098252662,1.6284013265006019,1.6521414054767427,-0.2725927000658782,0.35287001599899614,0.07188893445036862,-0.07702089435972484,0,1,09
0,-0.03785034427732613,-0.126545471040366,-0.0017120050477044137,0.030876775277386213,-0.021782151719100074,11,0.06881504493835683,9,11,0.1331073569780972,0.013859306190930005,-0.08134359880132694,0.039096840982526616,1.811429612690286,1.8005916501749504,0.4774072999341218,0.47787001599899614,-0.06396852657413027,-0.09682287455774465,1,1,09
0,-0.066152231069779,-0.028313643928381715,-0.008720091301073686,0.010187120104972419,0.16702903709208872,1,-0.04837245506164317,14,5,-0.062294941872477506,0.013859306190930005,0.029767512309784177,-0.030903159017473383,1.8147573997119173,1.7353387953625505,0.4774072999341218,0.47787001599899614,-0.032788125683261664,-0.041377330003289185,1,0,09
0,-0.044925815975439355,-0.010631915048224569,-0.00979825841697665,0.019842292518765518,0.3558402259032775,5,0.06881504493835683,6,5,-0.1197662062402936,-0.020623452429759652,-0.06114157859930673,0.10909684098252662,1.7398821917252283,1.658666690957984,-0.1475927000658782,0.10287001599899614,0.027345504606270617,-0.02355554782507139,0,0,09
0,0.0376213538358814,-0.010631915048224569,-0.00979825841697665,0.019842292518765518,-0.04975417969112804,2,-0.11868495506164317,5,5,-0.08528344761960395,-0.08958896967113895,-0.08134359880132694,0.3690968409825266,1.6716625577818003,1.6097270498486855,0.3524072999341218,0.6028700159989961,0.08525196340359804,-0.06910010228051695,0,1,09
0,0.04705531610003236,0.02473154271208979,-0.0033292557215588614,-0.01877839713640689,0.3138821839452356,2,-0.04837245506164317,6,5,-0.062294941872477506,-0.06660046392401252,0.03986852241079428,0.07909684098252662,1.5801484146869582,1.523267017222257,0.2274072999341218,0.35287001599899614,0.0874791348958029,0.05367217494720588,1,None,09
